points_3game_avg,points_5game_avg,fga_3game_avg,game_number,def_rating,opp_pts_allowed,pace,is_home_game,target
0.0,0.0,0.0,1,109.7,0.0,98.97,1.0,0
4.0,4.0,2.0,2,109.7,0.0,98.97,1.0,1
2.6666666666666665,2.6666666666666665,2.6666666666666665,3,109.7,0.0,98.97,1.0,0
6.333333333333333,4.75,4.333333333333333,4,109.7,0.0,98.97,1.0,1
5.333333333333333,4.8,4.0,5,109.7,0.0,98.97,1.0,0
6.333333333333333,5.4,3.3333333333333335,6,109.7,0.0,98.97,1.0,0
5.666666666666667,5.6,3.3333333333333335,7,109.7,0.0,98.97,1.0,1
5.0,6.2,2.6666666666666665,8,109.7,0.0,98.97,1.0,0
5.666666666666667,5.0,3.6666666666666665,9,109.7,0.0,98.97,1.0,1
4.666666666666667,5.2,3.3333333333333335,10,109.7,0.0,98.97,1.0,1
8.333333333333334,7.4,5.333333333333333,11,109.7,0.0,98.97,1.0,1
10.0,7.6,6.0,12,109.7,0.0,98.97,1.0,1
9.0,7.6,5.0,13,109.7,0.0,98.97,1.0,0
7.333333333333333,8.4,4.0,14,109.7,0.0,98.97,1.0,1
6.666666666666667,8.8,3.0,15,109.7,0.0,98.97,1.0,0
7.0,6.8,4.333333333333333,16,109.7,0.0,98.97,1.0,0
5.666666666666667,5.8,3.6666666666666665,17,109.7,0.0,98.97,1.0,0
4.333333333333333,6.0,3.6666666666666665,18,109.7,0.0,98.97,1.0,0
4.0,4.8,3.0,19,109.7,0.0,98.97,1.0,0
3.3333333333333335,3.8,3.6666666666666665,20,109.7,0.0,98.97,1.0,0
5.0,4.8,4.333333333333333,21,109.7,0.0,98.97,1.0,1
6.0,5.0,4.666666666666667,22,109.7,0.0,98.97,1.0,0
5.0,4.2,4.0,23,109.7,0.0,98.97,1.0,0
2.6666666666666665,4.0,4.0,24,109.7,0.0,98.97,1.0,0
2.6666666666666665,4.6,4.0,25,109.7,0.0,98.97,1.0,0
7.333333333333333,5.6,5.0,26,109.7,0.0,98.97,1.0,1
8.333333333333334,5.4,5.333333333333333,27,109.7,0.0,98.97,1.0,0
9.0,7.0,5.333333333333333,28,109.7,0.0,98.97,1.0,1
5.333333333333333,7.2,4.333333333333333,29,109.7,0.0,98.97,1.0,0
6.666666666666667,7.8,4.0,30,109.7,0.0,98.97,1.0,1
5.666666666666667,6.0,4.0,31,109.7,0.0,98.97,1.0,0
8.0,7.0,5.0,32,109.7,0.0,98.97,1.0,1
5.0,5.4,3.3333333333333335,33,109.7,0.0,98.97,1.0,0
4.333333333333333,5.4,3.6666666666666665,34,109.7,0.0,98.97,1.0,0
1.0,3.6,2.0,35,109.7,0.0,98.97,1.0,0
1.0,2.6,1.6666666666666667,36,109.7,0.0,98.97,1.0,0
2.0,1.8,1.6666666666666667,37,109.7,0.0,98.97,1.0,1
3.0,2.4,3.0,38,109.7,0.0,98.97,1.0,1
5.666666666666667,3.4,5.333333333333333,39,109.7,0.0,98.97,1.0,1
6.0,4.8,6.333333333333333,40,109.7,0.0,98.97,1.0,1
5.666666666666667,5.2,7.0,41,109.7,0.0,98.97,1.0,0
6.333333333333333,6.0,6.666666666666667,42,109.7,0.0,98.97,1.0,1
4.0,5.4,4.666666666666667,43,109.7,0.0,98.97,1.0,0
3.3333333333333335,3.8,4.0,44,109.7,0.0,98.97,1.0,0
1.6666666666666667,3.4,3.6666666666666665,45,109.7,0.0,98.97,1.0,1
4.333333333333333,4.6,5.333333333333333,46,109.7,0.0,98.97,1.0,1
5.0,3.0,5.333333333333333,47,109.7,0.0,98.97,1.0,0
6.0,4.6,5.0,48,109.7,0.0,98.97,1.0,1
3.3333333333333335,4.6,3.3333333333333335,49,109.7,0.0,98.97,1.0,0
2.6666666666666665,3.6,3.0,50,109.7,0.0,98.97,1.0,0
3.0,3.8,3.6666666666666665,51,109.7,0.0,98.97,1.0,1
5.666666666666667,5.0,4.666666666666667,52,109.7,0.0,98.97,1.0,1
12.0,7.2,6.333333333333333,53,109.7,0.0,98.97,1.0,1
11.333333333333334,8.6,6.333333333333333,54,109.7,0.0,98.97,1.0,0
8.666666666666666,8.6,6.0,55,109.7,0.0,98.97,1.0,0
5.333333333333333,8.6,5.0,56,109.7,0.0,98.97,1.0,1
6.0,8.8,5.333333333333333,57,109.7,0.0,98.97,1.0,1
6.666666666666667,5.4,5.333333333333333,58,109.7,0.0,98.97,1.0,0
5.333333333333333,5.0,5.666666666666667,59,109.7,0.0,98.97,1.0,0
2.3333333333333335,5.0,4.333333333333333,60,109.7,0.0,98.97,1.0,0
0.0,0.0,0.0,1,111.1,0.0,99.46,0.0,1
4.0,4.0,3.0,2,111.1,0.0,99.46,0.0,1
5.666666666666667,5.666666666666667,3.3333333333333335,3,111.1,0.0,99.46,0.0,1
10.666666666666666,8.0,6.666666666666667,4,111.1,0.0,99.46,0.0,1
12.333333333333334,9.0,6.666666666666667,5,111.1,0.0,99.46,0.0,1
9.333333333333334,9.0,7.0,6,111.1,0.0,99.46,0.0,0
9.0,10.2,6.666666666666667,7,111.1,0.0,99.46,0.0,1
5.333333333333333,8.8,5.333333333333333,8,111.1,0.0,99.46,0.0,0
7.0,6.8,5.0,9,111.1,0.0,99.46,0.0,0
4.333333333333333,5.4,3.6666666666666665,10,111.1,0.0,99.46,0.0,1
7.0,7.4,4.0,11,111.1,0.0,99.46,0.0,1
7.333333333333333,5.8,3.6666666666666665,12,111.1,0.0,99.46,0.0,1
6.666666666666667,6.2,3.0,13,111.1,0.0,99.46,0.0,0
4.0,5.6,3.6666666666666665,14,111.1,0.0,99.46,0.0,0
2.6666666666666665,4.8,3.6666666666666665,15,111.1,0.0,99.46,0.0,0
2.0,3.2,3.3333333333333335,16,111.1,0.0,99.46,0.0,0
2.0,2.4,2.0,17,111.1,0.0,99.46,0.0,1
2.3333333333333335,2.2,1.6666666666666667,18,111.1,0.0,99.46,0.0,1
5.0,3.8,4.0,19,111.1,0.0,99.46,0.0,1
7.0,5.0,5.333333333333333,20,111.1,0.0,99.46,0.0,1
6.666666666666667,5.0,6.0,21,111.1,0.0,99.46,0.0,0
6.0,6.2,5.0,22,111.1,0.0,99.46,0.0,1
6.0,7.2,5.0,23,111.1,0.0,99.46,0.0,0
6.0,5.6,5.0,24,111.1,0.0,99.46,0.0,0
4.0,4.4,3.6666666666666665,25,111.1,0.0,99.46,0.0,0
1.3333333333333333,4.0,2.0,26,111.1,0.0,99.46,0.0,0
2.0,3.2,2.0,27,111.1,0.0,99.46,0.0,1
3.3333333333333335,2.8,2.3333333333333335,28,111.1,0.0,99.46,0.0,1
3.6666666666666665,2.6,3.0,29,111.1,0.0,99.46,0.0,0
3.0,2.6,2.3333333333333335,30,111.1,0.0,99.46,0.0,0
1.0,2.6,1.3333333333333333,31,111.1,0.0,99.46,0.0,0
0.6666666666666666,1.8,0.6666666666666666,32,111.1,0.0,99.46,0.0,0
0.6666666666666666,1.0,1.0,33,111.1,0.0,99.46,0.0,1
0.6666666666666666,0.8,1.3333333333333333,34,111.1,0.0,99.46,0.0,0
1.3333333333333333,0.8,1.3333333333333333,35,111.1,0.0,99.46,0.0,1
0.6666666666666666,0.8,0.3333333333333333,36,111.1,0.0,99.46,0.0,0
0.6666666666666666,0.8,0.0,37,111.1,0.0,99.46,0.0,0
0.6666666666666666,0.8,0.3333333333333333,38,111.1,0.0,99.46,0.0,1
2.6666666666666665,2.0,1.3333333333333333,39,111.1,0.0,99.46,0.0,1
4.666666666666667,2.8,2.6666666666666665,40,111.1,0.0,99.46,0.0,1
13.0,13.0,12.0,1,106.7,0.0,100.82,1.0,1
18.5,18.5,14.5,2,106.7,0.0,100.82,1.0,1
17.333333333333332,17.333333333333332,15.333333333333334,3,106.7,0.0,100.82,1.0,0
18.333333333333332,17.0,15.333333333333334,4,106.7,0.0,100.82,1.0,0
15.0,16.4,12.666666666666666,5,106.7,0.0,100.82,1.0,0
12.0,15.0,7.666666666666667,6,106.7,0.0,100.82,1.0,0
8.666666666666666,11.4,6.333333333333333,7,106.7,0.0,100.82,1.0,0
12.333333333333334,13.4,7.666666666666667,8,106.7,0.0,100.82,1.0,1
17.333333333333332,14.4,12.333333333333334,9,106.7,0.0,100.82,1.0,1
22.333333333333332,15.8,16.333333333333332,10,106.7,0.0,100.82,1.0,1
22.333333333333332,19.6,18.0,11,106.7,0.0,100.82,1.0,1
19.333333333333332,20.8,16.666666666666668,12,106.7,0.0,100.82,1.0,0
17.333333333333332,18.8,15.0,13,106.7,0.0,100.82,1.0,0
21.333333333333332,22.0,16.0,14,106.7,0.0,100.82,1.0,1
25.0,22.4,16.333333333333332,15,106.7,0.0,100.82,1.0,1
24.333333333333332,20.0,16.0,16,106.7,0.0,100.82,1.0,0
16.333333333333332,20.2,13.0,17,106.7,0.0,100.82,1.0,0
17.0,22.2,14.0,18,106.7,0.0,100.82,1.0,1
18.666666666666668,18.4,15.0,19,106.7,0.0,100.82,1.0,1
21.0,17.8,16.0,20,106.7,0.0,100.82,1.0,1
16.666666666666668,17.6,15.0,21,106.7,0.0,100.82,1.0,0
13.666666666666666,16.8,13.666666666666666,22,106.7,0.0,100.82,1.0,0
13.333333333333334,15.6,15.666666666666666,23,106.7,0.0,100.82,1.0,1
13.333333333333334,14.4,14.0,24,106.7,0.0,100.82,1.0,0
15.0,13.2,15.0,25,106.7,0.0,100.82,1.0,0
23.0,19.4,15.0,26,106.7,0.0,100.82,1.0,1
27.333333333333332,22.6,19.666666666666668,27,106.7,0.0,100.82,1.0,1
32.666666666666664,24.8,21.333333333333332,28,106.7,0.0,100.82,1.0,1
23.333333333333332,25.4,19.666666666666668,29,106.7,0.0,100.82,1.0,0
16.666666666666668,23.6,13.0,30,106.7,0.0,100.82,1.0,0
9.0,16.4,8.0,31,106.7,0.0,100.82,1.0,0
14.333333333333334,17.6,7.333333333333333,32,106.7,0.0,100.82,1.0,1
18.0,14.8,12.666666666666666,33,106.7,0.0,100.82,1.0,1
22.333333333333332,15.8,16.0,34,106.7,0.0,100.82,1.0,1
20.333333333333332,19.8,18.0,35,106.7,0.0,100.82,1.0,1
23.0,23.2,18.333333333333332,36,106.7,0.0,100.82,1.0,1
23.666666666666668,21.4,18.666666666666668,37,106.7,0.0,100.82,1.0,0
20.333333333333332,21.2,15.666666666666666,38,106.7,0.0,100.82,1.0,0
21.666666666666668,22.8,14.333333333333334,39,106.7,0.0,100.82,1.0,1
15.333333333333334,18.4,10.666666666666666,40,106.7,0.0,100.82,1.0,0
14.333333333333334,16.0,9.333333333333334,41,106.7,0.0,100.82,1.0,0
9.333333333333334,14.2,7.666666666666667,42,106.7,0.0,100.82,1.0,0
11.333333333333334,13.0,9.333333333333334,43,106.7,0.0,100.82,1.0,0
10.666666666666666,9.4,10.666666666666666,44,106.7,0.0,100.82,1.0,0
11.333333333333334,11.8,11.666666666666666,45,106.7,0.0,100.82,1.0,1
12.666666666666666,12.0,10.666666666666666,46,106.7,0.0,100.82,1.0,1
11.666666666666666,10.8,10.0,47,106.7,0.0,100.82,1.0,0
11.333333333333334,11.8,8.666666666666666,48,106.7,0.0,100.82,1.0,1
18.0,16.4,12.333333333333334,49,106.7,0.0,100.82,1.0,1
22.0,17.2,13.666666666666666,50,106.7,0.0,100.82,1.0,1
26.0,19.8,16.333333333333332,51,106.7,0.0,100.82,1.0,1
21.666666666666668,22.4,14.333333333333334,52,106.7,0.0,100.82,1.0,0
27.333333333333332,26.8,17.0,53,106.7,0.0,100.82,1.0,1
33.0,33.0,16.0,1,111.1,0.0,99.46,0.0,0
21.5,21.5,10.5,2,111.1,0.0,99.46,0.0,0
17.0,17.0,10.0,3,111.1,0.0,99.46,0.0,0
10.666666666666666,16.25,7.333333333333333,4,111.1,0.0,99.46,0.0,0
11.666666666666666,15.6,8.0,5,111.1,0.0,99.46,0.0,0
10.0,9.6,7.0,6,111.1,0.0,99.46,0.0,0
9.333333333333334,10.0,7.0,7,111.1,0.0,99.46,0.0,1
6.333333333333333,9.2,7.333333333333333,8,111.1,0.0,99.46,0.0,0
6.666666666666667,7.2,6.666666666666667,9,111.1,0.0,99.46,0.0,0
7.0,7.2,7.333333333333333,10,111.1,0.0,99.46,0.0,1
8.0,8.0,7.0,11,111.1,0.0,99.46,0.0,0
10.666666666666666,8.0,9.333333333333334,12,111.1,0.0,99.46,0.0,1
11.666666666666666,10.4,9.0,13,111.1,0.0,99.46,0.0,1
16.666666666666668,14.0,11.0,14,111.1,0.0,99.46,0.0,1
18.666666666666668,15.0,11.0,15,111.1,0.0,99.46,0.0,1
17.333333333333332,16.0,10.666666666666666,16,111.1,0.0,99.46,0.0,0
13.0,15.4,8.666666666666666,17,111.1,0.0,99.46,0.0,0
10.666666666666666,14.4,8.0,18,111.1,0.0,99.46,0.0,0
8.0,10.8,6.333333333333333,19,111.1,0.0,99.46,0.0,0
8.0,9.0,7.666666666666667,20,111.1,0.0,99.46,0.0,1
9.0,9.4,7.0,21,111.1,0.0,99.46,0.0,1
8.333333333333334,8.0,7.0,22,111.1,0.0,99.46,0.0,0
7.0,6.8,5.666666666666667,23,111.1,0.0,99.46,0.0,0
7.666666666666667,9.2,7.0,24,111.1,0.0,99.46,0.0,1
13.333333333333334,11.2,9.666666666666666,25,111.1,0.0,99.46,0.0,1
15.0,10.4,9.0,26,111.1,0.0,99.46,0.0,0
16.0,13.8,8.666666666666666,27,111.1,0.0,99.46,0.0,1
13.666666666666666,15.2,7.0,28,111.1,0.0,99.46,0.0,0
13.333333333333334,13.8,8.0,29,111.1,0.0,99.46,0.0,0
7.666666666666667,10.4,5.333333333333333,30,111.1,0.0,99.46,0.0,0
7.333333333333333,10.6,6.0,31,111.1,0.0,99.46,0.0,1
5.333333333333333,7.4,4.0,32,111.1,0.0,99.46,0.0,0
10.333333333333334,8.4,6.333333333333333,33,111.1,0.0,99.46,0.0,1
12.0,9.8,7.666666666666667,34,111.1,0.0,99.46,0.0,1
14.333333333333334,11.4,10.0,35,111.1,0.0,99.46,0.0,0
8.666666666666666,9.2,7.333333333333333,36,111.1,0.0,99.46,0.0,0
5.333333333333333,9.8,4.666666666666667,37,111.1,0.0,99.46,0.0,0
3.3333333333333335,7.2,3.3333333333333335,38,111.1,0.0,99.46,0.0,0
8.0,6.8,6.0,39,111.1,0.0,99.46,0.0,1
8.666666666666666,6.4,7.666666666666667,40,111.1,0.0,99.46,0.0,1
8.0,6.8,6.666666666666667,41,111.1,0.0,99.46,0.0,0
14.0,12.0,10.333333333333334,42,111.1,0.0,99.46,0.0,1
24.333333333333332,19.0,15.333333333333334,43,111.1,0.0,99.46,0.0,1
30.333333333333332,20.2,18.333333333333332,44,111.1,0.0,99.46,0.0,0
23.666666666666668,21.0,16.666666666666668,45,111.1,0.0,99.46,0.0,0
13.666666666666666,22.4,13.0,46,111.1,0.0,99.46,0.0,0
14.333333333333334,20.4,14.0,47,111.1,0.0,99.46,0.0,1
14.0,14.8,12.333333333333334,48,111.1,0.0,99.46,0.0,0
18.333333333333332,15.2,13.0,49,111.1,0.0,99.46,0.0,1
13.666666666666666,14.4,11.666666666666666,50,111.1,0.0,99.46,0.0,0
13.0,14.4,10.333333333333334,51,111.1,0.0,99.46,0.0,0
10.333333333333334,12.8,7.666666666666667,52,111.1,0.0,99.46,0.0,1
10.666666666666666,12.4,7.0,53,111.1,0.0,99.46,0.0,0
14.333333333333334,12.0,8.0,54,111.1,0.0,99.46,0.0,1
11.333333333333334,11.4,7.333333333333333,55,111.1,0.0,99.46,0.0,0
15.666666666666666,14.0,8.666666666666666,56,111.1,0.0,99.46,0.0,1
12.333333333333334,13.2,8.0,57,111.1,0.0,99.46,0.0,0
13.0,12.8,8.333333333333334,58,111.1,0.0,99.46,0.0,0
10.333333333333334,11.6,8.333333333333334,59,111.1,0.0,99.46,0.0,1
10.333333333333334,12.6,8.333333333333334,60,111.1,0.0,99.46,0.0,0
11.666666666666666,10.4,8.666666666666666,61,111.1,0.0,99.46,0.0,1
12.666666666666666,11.8,7.666666666666667,62,111.1,0.0,99.46,0.0,1
11.0,11.4,7.333333333333333,63,111.1,0.0,99.46,0.0,0
12.666666666666666,11.8,9.0,64,111.1,0.0,99.46,0.0,1
14.666666666666666,14.4,11.0,65,111.1,0.0,99.46,0.0,1
18.333333333333332,15.4,13.333333333333334,66,111.1,0.0,99.46,0.0,1
16.666666666666668,14.2,13.0,67,111.1,0.0,99.46,0.0,0
14.333333333333334,16.4,11.0,68,111.1,0.0,99.46,0.0,0
13.0,15.6,9.0,69,111.1,0.0,99.46,0.0,0
12.333333333333334,12.8,8.666666666666666,70,111.1,0.0,99.46,0.0,0
9.0,10.8,8.333333333333334,71,111.1,0.0,99.46,0.0,0
7.333333333333333,10.0,9.333333333333334,72,111.1,0.0,99.46,0.0,0
11.0,10.8,12.333333333333334,73,111.1,0.0,99.46,0.0,1
17.0,13.2,13.666666666666666,74,111.1,0.0,99.46,0.0,1
16.666666666666668,12.6,12.666666666666666,75,111.1,0.0,99.46,0.0,0
10.0,11.4,7.0,76,111.1,0.0,99.46,0.0,0
5.333333333333333,12.0,6.0,77,111.1,0.0,99.46,0.0,0
4.0,8.4,5.0,78,111.1,0.0,99.46,0.0,0
7.333333333333333,5.6,7.0,79,111.1,0.0,99.46,0.0,1
11.333333333333334,8.8,9.0,80,111.1,0.0,99.46,0.0,1
14.666666666666666,11.2,11.0,81,111.1,0.0,99.46,0.0,1
17.0,12.6,11.0,82,111.1,0.0,99.46,0.0,1
23.0,23.0,21.0,1,110.8,0.0,97.97,1.0,1
24.5,24.5,17.5,2,110.8,0.0,97.97,1.0,1
27.333333333333332,27.333333333333332,18.666666666666668,3,110.8,0.0,97.97,1.0,1
25.0,24.5,15.333333333333334,4,110.8,0.0,97.97,1.0,0
23.666666666666668,24.0,14.0,5,110.8,0.0,97.97,1.0,0
24.666666666666668,26.6,16.0,6,110.8,0.0,97.97,1.0,1
24.333333333333332,24.4,17.666666666666668,7,110.8,0.0,97.97,1.0,0
35.0,28.6,22.666666666666668,8,110.8,0.0,97.97,1.0,1
34.666666666666664,32.4,21.0,9,110.8,0.0,97.97,1.0,1
41.333333333333336,35.0,23.0,10,110.8,0.0,97.97,1.0,0
28.666666666666668,31.0,18.0,11,110.8,0.0,97.97,1.0,0
30.333333333333332,36.0,19.333333333333332,12,110.8,0.0,97.97,1.0,1
32.666666666666664,33.6,19.666666666666668,13,110.8,0.0,97.97,1.0,1
34.333333333333336,30.8,23.0,14,110.8,0.0,97.97,1.0,0
31.333333333333332,30.0,20.666666666666668,15,110.8,0.0,97.97,1.0,0
28.333333333333332,33.4,20.0,16,110.8,0.0,97.97,1.0,1
32.333333333333336,32.0,18.666666666666668,17,110.8,0.0,97.97,1.0,1
30.666666666666668,28.8,18.0,18,110.8,0.0,97.97,1.0,0
30.333333333333332,31.0,17.666666666666668,19,110.8,0.0,97.97,1.0,1
31.0,31.8,19.666666666666668,20,110.8,0.0,97.97,1.0,1
34.666666666666664,32.6,20.333333333333332,21,110.8,0.0,97.97,1.0,1
34.666666666666664,32.4,18.0,22,110.8,0.0,97.97,1.0,0
44.333333333333336,40.0,20.0,23,110.8,0.0,97.97,1.0,1
39.333333333333336,38.0,16.666666666666668,24,110.8,0.0,97.97,1.0,0
37.333333333333336,36.2,19.666666666666668,25,110.8,0.0,97.97,1.0,0
19.666666666666668,31.0,14.333333333333334,26,110.8,0.0,97.97,1.0,0
24.666666666666668,32.0,19.666666666666668,27,110.8,0.0,97.97,1.0,1
25.333333333333332,24.8,18.0,28,110.8,0.0,97.97,1.0,1
32.333333333333336,26.8,22.0,29,110.8,0.0,97.97,1.0,1
30.666666666666668,28.0,17.666666666666668,30,110.8,0.0,97.97,1.0,1
32.666666666666664,32.6,19.333333333333332,31,110.8,0.0,97.97,1.0,1
32.0,31.2,18.0,32,110.8,0.0,97.97,1.0,0
30.0,30.8,18.333333333333332,33,110.8,0.0,97.97,1.0,0
33.333333333333336,33.2,20.333333333333332,34,110.8,0.0,97.97,1.0,1
39.333333333333336,36.4,22.0,35,110.8,0.0,97.97,1.0,1
39.0,34.6,24.333333333333332,36,110.8,0.0,97.97,1.0,0
32.333333333333336,33.4,19.333333333333332,37,110.8,0.0,97.97,1.0,0
27.333333333333332,34.8,18.333333333333332,38,110.8,0.0,97.97,1.0,0
28.0,31.4,17.0,39,110.8,0.0,97.97,1.0,0
30.333333333333332,28.0,18.0,40,110.8,0.0,97.97,1.0,1
29.666666666666668,29.2,19.0,41,110.8,0.0,97.97,1.0,1
32.333333333333336,31.4,21.666666666666668,42,110.8,0.0,97.97,1.0,1
29.333333333333332,29.2,20.666666666666668,43,110.8,0.0,97.97,1.0,0
29.0,29.8,17.666666666666668,44,110.8,0.0,97.97,1.0,1
27.0,29.4,16.0,45,110.8,0.0,97.97,1.0,0
28.666666666666668,28.6,17.0,46,110.8,0.0,97.97,1.0,0
34.666666666666664,31.2,21.0,47,110.8,0.0,97.97,1.0,1
36.0,33.4,19.666666666666668,48,110.8,0.0,97.97,1.0,0
38.333333333333336,34.2,22.333333333333332,49,110.8,0.0,97.97,1.0,0
28.0,31.8,17.666666666666668,50,110.8,0.0,97.97,1.0,0
22.0,29.4,16.0,51,110.8,0.0,97.97,1.0,0
22.666666666666668,27.0,14.333333333333334,52,110.8,0.0,97.97,1.0,1
24.666666666666668,25.0,15.666666666666666,53,110.8,0.0,97.97,1.0,0
31.333333333333332,25.2,18.0,54,110.8,0.0,97.97,1.0,1
30.333333333333332,28.4,16.0,55,110.8,0.0,97.97,1.0,1
32.666666666666664,31.4,15.666666666666666,56,110.8,0.0,97.97,1.0,0
29.0,29.0,14.333333333333334,57,110.8,0.0,97.97,1.0,0
26.0,29.2,15.0,58,110.8,0.0,97.97,1.0,0
31.333333333333332,31.4,16.666666666666668,59,110.8,0.0,97.97,1.0,1
31.0,29.4,17.333333333333332,60,110.8,0.0,97.97,1.0,0
34.333333333333336,30.2,20.0,61,110.8,0.0,97.97,1.0,1
30.333333333333332,32.2,20.666666666666668,62,110.8,0.0,97.97,1.0,1
32.666666666666664,33.4,21.333333333333332,63,110.8,0.0,97.97,1.0,0
32.0,30.6,17.666666666666668,64,110.8,0.0,97.97,1.0,1
27.666666666666668,30.2,16.0,65,110.8,0.0,97.97,1.0,0
27.666666666666668,29.4,16.333333333333332,66,110.8,0.0,97.97,1.0,1
26.666666666666668,28.4,20.666666666666668,67,110.8,0.0,97.97,1.0,1
31.333333333333332,29.4,21.666666666666668,68,110.8,0.0,97.97,1.0,1
33.333333333333336,30.2,23.0,69,110.8,0.0,97.97,1.0,1
35.333333333333336,33.0,21.666666666666668,70,110.8,0.0,97.97,1.0,1
30.666666666666668,31.2,22.0,71,110.8,0.0,97.97,1.0,0
28.0,31.0,21.333333333333332,72,110.8,0.0,97.97,1.0,0
21.333333333333332,27.0,18.0,73,110.8,0.0,97.97,1.0,0
7.0,7.0,9.0,1,115.4,0.0,103.58,0.0,1
9.5,9.5,7.5,2,115.4,0.0,103.58,0.0,1
7.666666666666667,7.666666666666667,6.666666666666667,3,115.4,0.0,103.58,0.0,0
8.333333333333334,8.0,5.666666666666667,4,115.4,0.0,103.58,0.0,0
8.333333333333334,8.8,5.666666666666667,5,115.4,0.0,103.58,0.0,1
8.0,8.0,6.0,6,115.4,0.0,103.58,0.0,0
7.0,6.8,5.0,7,115.4,0.0,103.58,0.0,1
5.0,7.2,3.6666666666666665,8,115.4,0.0,103.58,0.0,0
6.666666666666667,7.0,3.0,9,115.4,0.0,103.58,0.0,1
7.333333333333333,6.2,5.0,10,115.4,0.0,103.58,0.0,1
7.333333333333333,6.8,6.0,11,115.4,0.0,103.58,0.0,0
7.666666666666667,7.4,7.0,12,115.4,0.0,103.58,0.0,1
8.0,8.0,5.333333333333333,13,115.4,0.0,103.58,0.0,1
8.333333333333334,7.8,5.666666666666667,14,115.4,0.0,103.58,0.0,1
6.666666666666667,7.0,4.0,15,115.4,0.0,103.58,0.0,0
5.666666666666667,7.0,5.0,16,115.4,0.0,103.58,0.0,0
5.666666666666667,6.6,5.0,17,115.4,0.0,103.58,0.0,1
5.666666666666667,5.6,6.666666666666667,18,115.4,0.0,103.58,0.0,0
7.333333333333333,6.4,6.333333333333333,19,115.4,0.0,103.58,0.0,1
7.333333333333333,7.0,6.333333333333333,20,115.4,0.0,103.58,0.0,0
8.333333333333334,7.2,7.666666666666667,21,115.4,0.0,103.58,0.0,1
6.666666666666667,7.0,7.666666666666667,22,115.4,0.0,103.58,0.0,0
6.333333333333333,7.4,8.0,23,115.4,0.0,103.58,0.0,0
5.333333333333333,6.0,5.666666666666667,24,115.4,0.0,103.58,0.0,0
5.0,5.6,5.0,25,115.4,0.0,103.58,0.0,1
3.6666666666666665,4.6,4.333333333333333,26,115.4,0.0,103.58,0.0,0
5.333333333333333,5.2,5.333333333333333,27,115.4,0.0,103.58,0.0,1
7.0,6.0,7.0,28,115.4,0.0,103.58,0.0,1
8.666666666666666,6.6,6.666666666666667,29,115.4,0.0,103.58,0.0,0
8.333333333333334,7.2,7.0,30,115.4,0.0,103.58,0.0,1
6.333333333333333,7.6,5.333333333333333,31,115.4,0.0,103.58,0.0,0
4.666666666666667,6.2,4.333333333333333,32,115.4,0.0,103.58,0.0,0
2.3333333333333335,4.4,2.3333333333333335,33,115.4,0.0,103.58,0.0,0
1.6666666666666667,3.4,2.3333333333333335,34,115.4,0.0,103.58,0.0,0
2.3333333333333335,2.6,2.3333333333333335,35,115.4,0.0,103.58,0.0,1
5.666666666666667,4.0,3.6666666666666665,36,115.4,0.0,103.58,0.0,1
10.666666666666666,7.0,6.333333333333333,37,115.4,0.0,103.58,0.0,1
10.0,7.2,6.666666666666667,38,115.4,0.0,103.58,0.0,0
9.666666666666666,8.8,6.666666666666667,39,115.4,0.0,103.58,0.0,1
5.333333333333333,8.8,4.666666666666667,40,115.4,0.0,103.58,0.0,0
6.0,7.4,5.0,41,115.4,0.0,103.58,0.0,0
4.333333333333333,5.0,4.333333333333333,42,115.4,0.0,103.58,0.0,1
4.666666666666667,5.6,3.0,43,115.4,0.0,103.58,0.0,0
4.333333333333333,4.2,3.3333333333333335,44,115.4,0.0,103.58,0.0,0
3.6666666666666665,4.0,3.0,45,115.4,0.0,103.58,0.0,0
3.3333333333333335,4.0,4.333333333333333,46,115.4,0.0,103.58,0.0,1
3.0,3.4,4.333333333333333,47,115.4,0.0,103.58,0.0,0
3.6666666666666665,3.4,4.0,48,115.4,0.0,103.58,0.0,1
4.666666666666667,4.2,4.0,49,115.4,0.0,103.58,0.0,1
6.0,4.8,4.333333333333333,50,115.4,0.0,103.58,0.0,1
5.0,4.4,4.333333333333333,51,115.4,0.0,103.58,0.0,0
5.333333333333333,5.6,3.3333333333333335,52,115.4,0.0,103.58,0.0,1
5.0,5.6,3.6666666666666665,53,115.4,0.0,103.58,0.0,0
7.0,5.8,4.0,54,115.4,0.0,103.58,0.0,1
5.0,5.0,4.333333333333333,55,115.4,0.0,103.58,0.0,0
6.0,6.2,3.6666666666666665,56,115.4,0.0,103.58,0.0,1
7.333333333333333,7.0,6.0,57,115.4,0.0,103.58,0.0,1
7.333333333333333,6.4,6.0,58,115.4,0.0,103.58,0.0,0
7.333333333333333,6.4,6.333333333333333,59,115.4,0.0,103.58,0.0,1
6.333333333333333,7.8,5.666666666666667,60,115.4,0.0,103.58,0.0,1
6.666666666666667,6.8,6.0,61,115.4,0.0,103.58,0.0,0
7.333333333333333,6.4,7.333333333333333,62,115.4,0.0,103.58,0.0,1
7.666666666666667,8.0,7.333333333333333,63,115.4,0.0,103.58,0.0,1
8.0,7.2,7.666666666666667,64,115.4,0.0,103.58,0.0,0
8.0,7.4,7.333333333333333,65,115.4,0.0,103.58,0.0,1
8.666666666666666,9.2,7.666666666666667,66,115.4,0.0,103.58,0.0,1
10.666666666666666,9.2,8.666666666666666,67,115.4,0.0,103.58,0.0,1
10.666666666666666,9.2,9.0,68,115.4,0.0,103.58,0.0,1
11.333333333333334,11.2,8.666666666666666,69,115.4,0.0,103.58,0.0,1
9.666666666666666,10.2,6.666666666666667,70,115.4,0.0,103.58,0.0,0
8.0,8.8,5.333333333333333,71,115.4,0.0,103.58,0.0,0
7.666666666666667,9.4,5.333333333333333,72,115.4,0.0,103.58,0.0,1
7.0,8.0,5.666666666666667,73,115.4,0.0,103.58,0.0,0
7.333333333333333,6.4,6.333333333333333,74,115.4,0.0,103.58,0.0,0
5.666666666666667,7.0,7.333333333333333,75,115.4,0.0,103.58,0.0,1
5.0,6.2,7.0,76,115.4,0.0,103.58,0.0,0
4.333333333333333,4.4,6.333333333333333,77,115.4,0.0,103.58,0.0,1
1.6666666666666667,3.8,3.3333333333333335,78,115.4,0.0,103.58,0.0,0
2.6666666666666665,3.4,4.0,79,115.4,0.0,103.58,0.0,1
7.0,7.0,9.0,1,109.7,0.0,98.97,1.0,1
11.5,11.5,10.0,2,109.7,0.0,98.97,1.0,1
13.333333333333334,13.333333333333334,10.0,3,109.7,0.0,98.97,1.0,1
13.666666666666666,12.0,10.333333333333334,4,109.7,0.0,98.97,1.0,0
12.333333333333334,12.0,10.0,5,109.7,0.0,98.97,1.0,0
10.0,12.6,11.333333333333334,6,109.7,0.0,98.97,1.0,0
13.0,12.8,12.666666666666666,7,109.7,0.0,98.97,1.0,1
14.0,12.4,13.0,8,109.7,0.0,98.97,1.0,1
15.666666666666666,13.8,12.666666666666666,9,109.7,0.0,98.97,1.0,0
15.666666666666666,14.8,13.666666666666666,10,109.7,0.0,98.97,1.0,1
20.0,18.4,15.0,11,109.7,0.0,98.97,1.0,1
19.333333333333332,17.6,14.666666666666666,12,109.7,0.0,98.97,1.0,0
22.333333333333332,19.8,14.0,13,109.7,0.0,98.97,1.0,1
17.666666666666668,19.6,14.0,14,109.7,0.0,98.97,1.0,0
18.333333333333332,19.2,13.0,15,109.7,0.0,98.97,1.0,0
17.333333333333332,18.2,12.0,16,109.7,0.0,98.97,1.0,1
18.666666666666668,19.2,12.333333333333334,17,109.7,0.0,98.97,1.0,0
18.333333333333332,16.8,12.666666666666666,18,109.7,0.0,98.97,1.0,0
15.333333333333334,16.8,14.666666666666666,19,109.7,0.0,98.97,1.0,0
16.0,17.8,14.0,20,109.7,0.0,98.97,1.0,1
18.0,17.2,16.333333333333332,21,109.7,0.0,98.97,1.0,1
26.666666666666668,21.6,18.333333333333332,22,109.7,0.0,98.97,1.0,1
26.666666666666668,22.8,18.0,23,109.7,0.0,98.97,1.0,0
26.666666666666668,24.0,17.666666666666668,24,109.7,0.0,98.97,1.0,0
20.666666666666668,24.4,14.333333333333334,25,109.7,0.0,98.97,1.0,0
21.666666666666668,25.0,18.0,26,109.7,0.0,98.97,1.0,0
20.333333333333332,20.2,17.666666666666668,27,109.7,0.0,98.97,1.0,0
20.333333333333332,20.6,20.0,28,109.7,0.0,98.97,1.0,1
16.666666666666668,19.0,16.666666666666668,29,109.7,0.0,98.97,1.0,0
15.333333333333334,17.0,18.0,30,109.7,0.0,98.97,1.0,0
15.666666666666666,17.0,16.333333333333332,31,109.7,0.0,98.97,1.0,1
17.0,17.0,16.333333333333332,32,109.7,0.0,98.97,1.0,1
19.0,16.2,15.666666666666666,33,109.7,0.0,98.97,1.0,1
16.333333333333332,16.8,15.666666666666666,34,109.7,0.0,98.97,1.0,0
14.333333333333334,16.4,15.0,35,109.7,0.0,98.97,1.0,0
13.0,14.6,13.666666666666666,36,109.7,0.0,98.97,1.0,1
9.666666666666666,12.4,11.666666666666666,37,109.7,0.0,98.97,1.0,0
10.333333333333334,11.2,10.0,38,109.7,0.0,98.97,1.0,1
11.333333333333334,11.6,10.666666666666666,39,109.7,0.0,98.97,1.0,1
14.333333333333334,12.4,11.0,40,109.7,0.0,98.97,1.0,1
16.333333333333332,13.2,12.666666666666666,41,109.7,0.0,98.97,1.0,1
16.333333333333332,15.6,11.333333333333334,42,109.7,0.0,98.97,1.0,1
19.666666666666668,18.0,15.0,43,109.7,0.0,98.97,1.0,1
21.666666666666668,19.4,14.666666666666666,44,109.7,0.0,98.97,1.0,1
22.0,20.2,16.0,45,109.7,0.0,98.97,1.0,0
21.666666666666668,21.2,12.666666666666666,46,109.7,0.0,98.97,1.0,1
18.0,20.4,14.333333333333334,47,109.7,0.0,98.97,1.0,0
17.333333333333332,18.8,13.333333333333334,48,109.7,0.0,98.97,1.0,0
13.666666666666666,16.4,15.333333333333334,49,109.7,0.0,98.97,1.0,0
13.666666666666666,15.4,14.0,50,109.7,0.0,98.97,1.0,0
11.0,12.4,14.0,51,109.7,0.0,98.97,1.0,0
16.333333333333332,15.4,13.333333333333334,52,109.7,0.0,98.97,1.0,1
16.0,14.6,12.333333333333334,53,109.7,0.0,98.97,1.0,0
18.0,15.0,14.0,54,109.7,0.0,98.97,1.0,0
14.333333333333334,15.8,12.333333333333334,55,109.7,0.0,98.97,1.0,1
16.666666666666668,18.0,14.333333333333334,56,109.7,0.0,98.97,1.0,0
15.666666666666666,14.6,13.0,57,109.7,0.0,98.97,1.0,0
14.333333333333334,14.8,13.666666666666666,58,109.7,0.0,98.97,1.0,0
9.666666666666666,13.0,10.666666666666666,59,109.7,0.0,98.97,1.0,0
13.666666666666666,14.2,11.333333333333334,60,109.7,0.0,98.97,1.0,1
14.666666666666666,13.6,11.666666666666666,61,109.7,0.0,98.97,1.0,1
21.333333333333332,16.4,16.0,62,109.7,0.0,98.97,1.0,1
16.333333333333332,15.4,16.0,63,109.7,0.0,98.97,1.0,0
14.666666666666666,16.6,16.0,64,109.7,0.0,98.97,1.0,0
12.0,15.4,13.333333333333334,65,109.7,0.0,98.97,1.0,1
14.666666666666666,15.4,12.666666666666666,66,109.7,0.0,98.97,1.0,1
15.0,12.8,11.333333333333334,67,109.7,0.0,98.97,1.0,0
16.666666666666668,15.6,12.666666666666666,68,109.7,0.0,98.97,1.0,1
16.666666666666668,16.6,13.666666666666666,69,109.7,0.0,98.97,1.0,0
20.666666666666668,18.0,16.666666666666668,70,109.7,0.0,98.97,1.0,1
26.0,22.4,19.333333333333332,71,109.7,0.0,98.97,1.0,1
27.333333333333332,24.0,16.333333333333332,72,109.7,0.0,98.97,1.0,0
22.666666666666668,21.6,15.0,73,109.7,0.0,98.97,1.0,0
15.666666666666666,21.8,12.333333333333334,74,109.7,0.0,98.97,1.0,0
15.0,20.6,13.333333333333334,75,109.7,0.0,98.97,1.0,0
15.333333333333334,15.2,14.0,76,109.7,0.0,98.97,1.0,0
16.0,15.0,12.666666666666666,77,109.7,0.0,98.97,1.0,1
15.666666666666666,16.4,12.666666666666666,78,109.7,0.0,98.97,1.0,1
18.0,16.6,12.0,79,109.7,0.0,98.97,1.0,1
32.0,32.0,21.0,1,106.7,0.0,100.82,1.0,1
31.5,31.5,20.0,2,106.7,0.0,100.82,1.0,0
31.333333333333332,31.333333333333332,20.666666666666668,3,106.7,0.0,100.82,1.0,0
28.666666666666668,29.5,18.666666666666668,4,106.7,0.0,100.82,1.0,0
27.0,28.8,19.333333333333332,5,106.7,0.0,100.82,1.0,0
26.0,28.0,18.666666666666668,6,106.7,0.0,100.82,1.0,1
26.333333333333332,26.8,18.666666666666668,7,106.7,0.0,100.82,1.0,0
31.0,28.6,18.666666666666668,8,106.7,0.0,100.82,1.0,1
31.0,29.4,20.333333333333332,9,106.7,0.0,100.82,1.0,0
25.333333333333332,25.8,19.333333333333332,10,106.7,0.0,100.82,1.0,0
23.333333333333332,27.0,19.333333333333332,11,106.7,0.0,100.82,1.0,1
21.0,26.2,16.333333333333332,12,106.7,0.0,100.82,1.0,0
27.666666666666668,23.8,17.0,13,106.7,0.0,100.82,1.0,1
27.0,24.6,17.666666666666668,14,106.7,0.0,100.82,1.0,1
31.333333333333332,29.8,17.333333333333332,15,106.7,0.0,100.82,1.0,1
31.333333333333332,28.6,21.333333333333332,16,106.7,0.0,100.82,1.0,0
29.666666666666668,29.8,21.666666666666668,17,106.7,0.0,100.82,1.0,0
27.0,29.4,25.0,18,106.7,0.0,100.82,1.0,0
25.666666666666668,27.8,23.0,19,106.7,0.0,100.82,1.0,0
23.333333333333332,25.0,19.666666666666668,20,106.7,0.0,100.82,1.0,0
21.333333333333332,23.4,17.666666666666668,21,106.7,0.0,100.82,1.0,0
25.0,25.0,17.0,22,106.7,0.0,100.82,1.0,1
25.333333333333332,24.0,18.0,23,106.7,0.0,100.82,1.0,0
22.0,21.2,17.0,24,106.7,0.0,100.82,1.0,0
22.0,24.2,16.0,25,106.7,0.0,100.82,1.0,1
21.666666666666668,24.2,16.666666666666668,26,106.7,0.0,100.82,1.0,0
26.333333333333332,22.0,17.0,27,106.7,0.0,100.82,1.0,1
21.333333333333332,21.8,16.666666666666668,28,106.7,0.0,100.82,1.0,0
25.0,26.0,17.666666666666668,29,106.7,0.0,100.82,1.0,1
28.333333333333332,25.8,19.333333333333332,30,106.7,0.0,100.82,1.0,1
27.0,25.0,19.333333333333332,31,106.7,0.0,100.82,1.0,0
34.0,30.6,22.0,32,106.7,0.0,100.82,1.0,1
31.333333333333332,31.8,22.666666666666668,33,106.7,0.0,100.82,1.0,0
31.333333333333332,28.8,21.666666666666668,34,106.7,0.0,100.82,1.0,0
29.333333333333332,31.2,19.333333333333332,35,106.7,0.0,100.82,1.0,1
41.333333333333336,40.4,23.666666666666668,36,106.7,0.0,100.82,1.0,1
50.666666666666664,38.8,28.666666666666668,37,106.7,0.0,100.82,1.0,1
42.666666666666664,38.0,28.666666666666668,38,106.7,0.0,100.82,1.0,0
29.333333333333332,39.2,22.0,39,106.7,0.0,100.82,1.0,0
22.666666666666668,34.8,18.666666666666668,40,106.7,0.0,100.82,1.0,0
20.0,25.2,14.666666666666666,41,106.7,0.0,100.82,1.0,0
23.333333333333332,22.8,16.0,42,106.7,0.0,100.82,1.0,1
26.0,24.8,17.666666666666668,43,106.7,0.0,100.82,1.0,1
29.666666666666668,25.4,19.666666666666668,44,106.7,0.0,100.82,1.0,1
21.333333333333332,22.0,14.333333333333334,45,106.7,0.0,100.82,1.0,0
22.333333333333332,26.2,14.333333333333334,46,106.7,0.0,100.82,1.0,1
22.333333333333332,24.8,16.666666666666668,47,106.7,0.0,100.82,1.0,0
27.0,22.6,21.0,48,106.7,0.0,100.82,1.0,0
27.0,24.6,23.0,49,106.7,0.0,100.82,1.0,1
26.666666666666668,28.0,20.666666666666668,50,106.7,0.0,100.82,1.0,0
28.666666666666668,26.4,22.0,51,106.7,0.0,100.82,1.0,1
24.666666666666668,26.0,19.666666666666668,52,106.7,0.0,100.82,1.0,0
23.666666666666668,26.0,20.0,53,106.7,0.0,100.82,1.0,0
22.333333333333332,23.6,20.0,54,106.7,0.0,100.82,1.0,0
20.666666666666668,22.4,18.333333333333332,55,106.7,0.0,100.82,1.0,0
23.666666666666668,23.0,17.333333333333332,56,106.7,0.0,100.82,1.0,1
26.666666666666668,24.8,18.0,57,106.7,0.0,100.82,1.0,1
32.666666666666664,27.8,22.333333333333332,58,106.7,0.0,100.82,1.0,1
28.333333333333332,26.6,23.0,59,106.7,0.0,100.82,1.0,0
22.333333333333332,25.8,18.0,60,106.7,0.0,100.82,1.0,0
27.666666666666668,30.2,18.0,61,106.7,0.0,100.82,1.0,1
35.333333333333336,31.8,20.666666666666668,62,106.7,0.0,100.82,1.0,1
35.0,27.2,21.666666666666668,63,106.7,0.0,100.82,1.0,0
26.0,28.8,17.666666666666668,64,106.7,0.0,100.82,1.0,0
16.666666666666668,28.4,13.0,65,106.7,0.0,100.82,1.0,0
24.666666666666668,25.4,17.0,66,106.7,0.0,100.82,1.0,1
23.333333333333332,21.6,15.666666666666666,67,106.7,0.0,100.82,1.0,1
27.0,23.6,17.333333333333332,68,106.7,0.0,100.82,1.0,0
5.0,5.0,4.0,1,113.2,0.0,97.73,1.0,1
11.5,11.5,8.0,2,113.2,0.0,97.73,1.0,1
9.333333333333334,9.333333333333334,8.0,3,113.2,0.0,97.73,1.0,0
14.333333333333334,12.0,10.0,4,113.2,0.0,97.73,1.0,1
8.333333333333334,9.6,6.666666666666667,5,113.2,0.0,97.73,1.0,0
7.666666666666667,9.2,5.666666666666667,6,113.2,0.0,97.73,1.0,0
4.333333333333333,7.6,4.333333333333333,7,113.2,0.0,97.73,1.0,1
8.666666666666666,9.2,7.0,8,113.2,0.0,97.73,1.0,1
7.666666666666667,5.2,6.666666666666667,9,113.2,0.0,97.73,1.0,0
7.333333333333333,7.0,6.666666666666667,10,113.2,0.0,97.73,1.0,1
13.0,12.4,8.0,11,113.2,0.0,97.73,1.0,1
19.666666666666668,14.4,10.666666666666666,12,113.2,0.0,97.73,1.0,1
19.0,13.2,11.666666666666666,13,113.2,0.0,97.73,1.0,0
14.333333333333334,16.4,10.0,14,113.2,0.0,97.73,1.0,1
9.666666666666666,15.8,7.0,15,113.2,0.0,97.73,1.0,0
10.333333333333334,11.6,6.666666666666667,16,113.2,0.0,97.73,1.0,0
9.666666666666666,10.4,8.333333333333334,17,113.2,0.0,97.73,1.0,1
13.0,12.2,11.0,18,113.2,0.0,97.73,1.0,1
16.333333333333332,12.8,14.666666666666666,19,113.2,0.0,97.73,1.0,1
17.0,14.8,13.666666666666666,20,113.2,0.0,97.73,1.0,1
17.666666666666668,16.6,13.666666666666666,21,113.2,0.0,97.73,1.0,1
13.666666666666666,15.2,10.333333333333334,22,113.2,0.0,97.73,1.0,0
14.666666666666666,15.8,10.333333333333334,23,113.2,0.0,97.73,1.0,1
11.0,13.4,9.0,24,113.2,0.0,97.73,1.0,0
11.0,11.6,8.333333333333334,25,113.2,0.0,97.73,1.0,0
7.333333333333333,9.6,7.333333333333333,26,113.2,0.0,97.73,1.0,0
11.333333333333334,12.0,9.333333333333334,27,113.2,0.0,97.73,1.0,1
9.0,8.2,7.666666666666667,28,113.2,0.0,97.73,1.0,0
12.0,10.2,8.0,29,113.2,0.0,97.73,1.0,1
10.666666666666666,11.8,6.666666666666667,30,113.2,0.0,97.73,1.0,1
14.666666666666666,12.6,8.666666666666666,31,113.2,0.0,97.73,1.0,0
11.666666666666666,10.4,8.333333333333334,32,113.2,0.0,97.73,1.0,0
10.0,12.4,7.333333333333333,33,113.2,0.0,97.73,1.0,0
7.0,9.6,5.0,34,113.2,0.0,97.73,1.0,0
10.0,10.0,6.333333333333333,35,113.2,0.0,97.73,1.0,1
12.0,10.8,8.0,36,113.2,0.0,97.73,1.0,1
14.666666666666666,11.4,10.333333333333334,37,113.2,0.0,97.73,1.0,1
16.666666666666668,14.0,10.333333333333334,38,113.2,0.0,97.73,1.0,1
12.0,13.8,8.666666666666666,39,113.2,0.0,97.73,1.0,0
12.0,12.6,9.0,40,113.2,0.0,97.73,1.0,0
8.666666666666666,12.0,9.666666666666666,41,113.2,0.0,97.73,1.0,1
11.0,11.6,9.333333333333334,42,113.2,0.0,97.73,1.0,0
8.333333333333334,7.6,7.0,43,113.2,0.0,97.73,1.0,0
6.666666666666667,8.8,5.666666666666667,44,113.2,0.0,97.73,1.0,0
5.333333333333333,7.6,7.0,45,113.2,0.0,97.73,1.0,0
6.666666666666667,6.4,9.0,46,113.2,0.0,97.73,1.0,1
7.0,6.4,8.666666666666666,47,113.2,0.0,97.73,1.0,1
10.666666666666666,9.0,8.333333333333334,48,113.2,0.0,97.73,1.0,1
15.666666666666666,11.8,11.333333333333334,49,113.2,0.0,97.73,1.0,1
13.666666666666666,11.4,12.666666666666666,50,113.2,0.0,97.73,1.0,0
15.333333333333334,14.2,13.0,51,113.2,0.0,97.73,1.0,1
11.0,14.2,9.333333333333334,52,113.2,0.0,97.73,1.0,0
15.333333333333334,14.2,8.333333333333334,53,113.2,0.0,97.73,1.0,1
11.333333333333334,11.6,8.666666666666666,54,113.2,0.0,97.73,1.0,0
13.0,13.8,10.666666666666666,55,113.2,0.0,97.73,1.0,0
14.333333333333334,13.6,10.333333333333334,56,113.2,0.0,97.73,1.0,1
13.333333333333334,13.0,9.0,57,113.2,0.0,97.73,1.0,0
15.0,13.6,9.0,58,113.2,0.0,97.73,1.0,1
9.666666666666666,12.6,8.333333333333334,59,113.2,0.0,97.73,1.0,0
9.333333333333334,10.8,10.0,60,113.2,0.0,97.73,1.0,0
4.333333333333333,7.6,9.333333333333334,61,113.2,0.0,97.73,1.0,0
7.666666666666667,9.2,11.0,62,113.2,0.0,97.73,1.0,1
11.666666666666666,8.8,11.0,63,113.2,0.0,97.73,1.0,1
14.0,10.2,12.0,64,113.2,0.0,97.73,1.0,0
15.0,12.6,11.666666666666666,65,113.2,0.0,97.73,1.0,1
11.333333333333334,13.0,10.666666666666666,66,113.2,0.0,97.73,1.0,0
13.0,13.4,9.666666666666666,67,113.2,0.0,97.73,1.0,1
10.0,11.6,8.0,68,113.2,0.0,97.73,1.0,0
15.0,13.6,11.333333333333334,69,113.2,0.0,97.73,1.0,1
16.333333333333332,14.2,12.0,70,113.2,0.0,97.73,1.0,1
17.0,15.0,14.0,71,113.2,0.0,97.73,1.0,0
11.666666666666666,12.8,12.333333333333334,72,113.2,0.0,97.73,1.0,0
8.333333333333334,13.2,11.666666666666666,73,113.2,0.0,97.73,1.0,0
6.0,9.6,10.0,74,113.2,0.0,97.73,1.0,0
7.333333333333333,7.4,7.666666666666667,75,113.2,0.0,97.73,1.0,1
5.666666666666667,6.4,6.666666666666667,76,113.2,0.0,97.73,1.0,0
7.333333333333333,7.0,7.333333333333333,77,113.2,0.0,97.73,1.0,0
10.0,8.4,8.666666666666666,78,113.2,0.0,97.73,1.0,1
9.666666666666666,8.6,8.333333333333334,79,113.2,0.0,97.73,1.0,0
20.0,20.0,13.0,1,110.4,0.0,96.63,1.0,1
15.5,15.5,10.5,2,110.4,0.0,96.63,1.0,0
13.666666666666666,13.666666666666666,11.0,3,110.4,0.0,96.63,1.0,0
12.333333333333334,14.25,9.0,4,110.4,0.0,96.63,1.0,1
14.0,14.6,10.333333333333334,5,110.4,0.0,96.63,1.0,1
18.666666666666668,15.4,11.666666666666666,6,110.4,0.0,96.63,1.0,1
22.0,18.4,15.0,7,110.4,0.0,96.63,1.0,1
19.333333333333332,18.0,15.333333333333334,8,110.4,0.0,96.63,1.0,0
14.333333333333334,16.6,13.666666666666666,9,110.4,0.0,96.63,1.0,0
9.333333333333334,15.6,10.666666666666666,10,110.4,0.0,96.63,1.0,0
11.0,13.4,10.333333333333334,11,110.4,0.0,96.63,1.0,1
16.666666666666668,13.4,11.333333333333334,12,110.4,0.0,96.63,1.0,1
16.666666666666668,14.0,12.666666666666666,13,110.4,0.0,96.63,1.0,0
15.666666666666666,14.2,12.666666666666666,14,110.4,0.0,96.63,1.0,0
11.333333333333334,14.6,11.333333333333334,15,110.4,0.0,96.63,1.0,0
10.666666666666666,13.8,11.666666666666666,16,110.4,0.0,96.63,1.0,0
15.0,13.2,12.0,17,110.4,0.0,96.63,1.0,1
14.333333333333334,13.2,12.666666666666666,18,110.4,0.0,96.63,1.0,0
21.0,17.0,15.0,19,110.4,0.0,96.63,1.0,1
20.666666666666668,18.8,15.0,20,110.4,0.0,96.63,1.0,1
19.333333333333332,18.4,13.666666666666666,21,110.4,0.0,96.63,1.0,0
11.333333333333334,14.8,10.333333333333334,22,110.4,0.0,96.63,1.0,0
7.0,14.4,9.0,23,110.4,0.0,96.63,1.0,0
8.666666666666666,11.0,9.333333333333334,24,110.4,0.0,96.63,1.0,0
13.333333333333334,10.4,10.333333333333334,25,110.4,0.0,96.63,1.0,1
19.0,14.2,12.666666666666666,26,110.4,0.0,96.63,1.0,1
19.0,15.6,12.333333333333334,27,110.4,0.0,96.63,1.0,0
18.333333333333332,17.2,12.0,28,110.4,0.0,96.63,1.0,0
13.333333333333334,17.0,9.666666666666666,29,110.4,0.0,96.63,1.0,0
13.0,15.4,10.666666666666666,30,110.4,0.0,96.63,1.0,0
10.333333333333334,12.0,9.0,31,110.4,0.0,96.63,1.0,0
14.333333333333334,14.2,10.0,32,110.4,0.0,96.63,1.0,1
14.0,12.8,9.666666666666666,33,110.4,0.0,96.63,1.0,0
17.0,14.2,12.333333333333334,34,110.4,0.0,96.63,1.0,1
15.0,15.4,12.0,35,110.4,0.0,96.63,1.0,1
16.666666666666668,16.6,12.0,36,110.4,0.0,96.63,1.0,0
17.0,15.8,10.0,37,110.4,0.0,96.63,1.0,1
16.0,16.6,10.0,38,110.4,0.0,96.63,1.0,0
14.333333333333334,15.0,9.333333333333334,39,110.4,0.0,96.63,1.0,0
16.666666666666668,16.8,12.333333333333334,40,110.4,0.0,96.63,1.0,1
18.333333333333332,17.6,13.333333333333334,41,110.4,0.0,96.63,1.0,1
19.666666666666668,16.6,14.333333333333334,42,110.4,0.0,96.63,1.0,0
15.0,16.2,12.0,43,110.4,0.0,96.63,1.0,0
9.333333333333334,14.6,10.0,44,110.4,0.0,96.63,1.0,0
8.666666666666666,11.8,9.0,45,110.4,0.0,96.63,1.0,1
6.0,8.8,8.666666666666666,46,110.4,0.0,96.63,1.0,0
13.333333333333334,10.8,12.0,47,110.4,0.0,96.63,1.0,1
13.333333333333334,10.8,12.666666666666666,48,110.4,0.0,96.63,1.0,1
17.0,13.4,13.666666666666666,49,110.4,0.0,96.63,1.0,1
12.666666666666666,13.2,11.0,50,110.4,0.0,96.63,1.0,0
10.0,10.0,6.0,1,113.5,0.0,100.67,0.0,1
11.0,11.0,6.5,2,113.5,0.0,100.67,0.0,1
12.0,12.0,6.333333333333333,3,113.5,0.0,100.67,0.0,1
12.666666666666666,12.0,6.333333333333333,4,113.5,0.0,100.67,0.0,1
12.666666666666666,12.0,6.0,5,113.5,0.0,100.67,0.0,1
11.666666666666666,12.2,5.0,6,113.5,0.0,100.67,0.0,0
11.0,11.8,5.666666666666667,7,113.5,0.0,100.67,0.0,0
12.0,12.0,7.0,8,113.5,0.0,100.67,0.0,1
17.0,14.8,12.666666666666666,9,113.5,0.0,100.67,0.0,1
15.0,13.2,10.666666666666666,10,113.5,0.0,100.67,0.0,0
17.0,15.2,11.333333333333334,11,113.5,0.0,100.67,0.0,1
14.333333333333334,16.8,8.0,12,113.5,0.0,100.67,0.0,1
16.666666666666668,16.0,9.333333333333334,13,113.5,0.0,100.67,0.0,0
13.666666666666666,13.2,8.333333333333334,14,113.5,0.0,100.67,0.0,0
14.0,16.2,8.0,15,113.5,0.0,100.67,0.0,1
13.0,13.6,7.666666666666667,16,113.5,0.0,100.67,0.0,0
11.0,11.2,7.666666666666667,17,113.5,0.0,100.67,0.0,0
6.0,9.8,5.666666666666667,18,113.5,0.0,100.67,0.0,0
8.0,10.2,7.0,19,113.5,0.0,100.67,0.0,1
8.666666666666666,8.0,6.333333333333333,20,113.5,0.0,100.67,0.0,0
15.666666666666666,11.4,10.0,21,113.5,0.0,100.67,0.0,1
14.333333333333334,12.2,9.333333333333334,22,113.5,0.0,100.67,0.0,0
17.333333333333332,14.8,11.333333333333334,23,113.5,0.0,100.67,0.0,1
13.666666666666666,14.8,9.333333333333334,24,113.5,0.0,100.67,0.0,0
16.666666666666668,17.0,10.0,25,113.5,0.0,100.67,0.0,1
19.0,16.8,11.333333333333334,26,113.5,0.0,100.67,0.0,1
24.333333333333332,20.8,14.333333333333334,27,113.5,0.0,100.67,0.0,1
23.333333333333332,20.6,15.0,28,113.5,0.0,100.67,0.0,0
21.0,21.2,12.666666666666666,29,113.5,0.0,100.67,0.0,0
15.0,19.8,9.333333333333334,30,113.5,0.0,100.67,0.0,0
19.333333333333332,20.8,12.0,31,113.5,0.0,100.67,0.0,1
17.666666666666668,17.2,10.333333333333334,32,113.5,0.0,100.67,0.0,0
17.0,16.0,9.666666666666666,33,113.5,0.0,100.67,0.0,0
14.333333333333334,16.8,8.333333333333334,34,113.5,0.0,100.67,0.0,1
15.0,17.2,9.333333333333334,35,113.5,0.0,100.67,0.0,0
16.333333333333332,14.2,10.333333333333334,36,113.5,0.0,100.67,0.0,0
16.333333333333332,16.0,11.666666666666666,37,113.5,0.0,100.67,0.0,1
19.666666666666668,18.8,15.666666666666666,38,113.5,0.0,100.67,0.0,1
21.666666666666668,18.6,16.0,39,113.5,0.0,100.67,0.0,1
19.333333333333332,18.6,13.0,40,113.5,0.0,100.67,0.0,0
16.0,18.6,10.666666666666666,41,113.5,0.0,100.67,0.0,0
18.0,19.6,13.666666666666666,42,113.5,0.0,100.67,0.0,1
19.666666666666668,18.6,13.666666666666666,43,113.5,0.0,100.67,0.0,1
19.0,17.0,13.333333333333334,44,113.5,0.0,100.67,0.0,0
15.0,17.0,9.333333333333334,45,113.5,0.0,100.67,0.0,0
14.666666666666666,17.8,10.0,46,113.5,0.0,100.67,0.0,0
17.666666666666668,16.8,10.333333333333334,47,113.5,0.0,100.67,0.0,1
17.333333333333332,15.6,11.333333333333334,48,113.5,0.0,100.67,0.0,0
17.333333333333332,16.8,10.666666666666666,49,113.5,0.0,100.67,0.0,0
18.333333333333332,18.8,11.666666666666666,50,113.5,0.0,100.67,0.0,1
21.333333333333332,19.6,14.666666666666666,51,113.5,0.0,100.67,0.0,1
21.666666666666668,19.2,14.333333333333334,52,113.5,0.0,100.67,0.0,1
17.333333333333332,18.8,13.0,53,113.5,0.0,100.67,0.0,0
13.0,17.0,9.333333333333334,54,113.5,0.0,100.67,0.0,0
12.666666666666666,15.8,10.666666666666666,55,113.5,0.0,100.67,0.0,1
16.0,15.6,12.0,56,113.5,0.0,100.67,0.0,1
19.0,15.4,13.333333333333334,57,113.5,0.0,100.67,0.0,1
24.0,19.8,15.333333333333334,58,113.5,0.0,100.67,0.0,1
22.0,21.0,13.666666666666666,59,113.5,0.0,100.67,0.0,0
21.0,20.4,12.333333333333334,60,113.5,0.0,100.67,0.0,0
15.666666666666666,19.6,10.333333333333334,61,113.5,0.0,100.67,0.0,0
14.0,18.0,9.0,62,113.5,0.0,100.67,0.0,0
16.666666666666668,16.0,10.666666666666666,63,113.5,0.0,100.67,0.0,1
19.333333333333332,18.0,10.666666666666666,64,113.5,0.0,100.67,0.0,1
21.0,18.0,11.666666666666666,65,113.5,0.0,100.67,0.0,0
16.333333333333332,16.4,10.0,66,113.5,0.0,100.67,0.0,0
13.666666666666666,17.8,8.666666666666666,67,113.5,0.0,100.67,0.0,0
16.666666666666668,18.0,10.0,68,113.5,0.0,100.67,0.0,1
18.0,15.6,10.666666666666666,69,113.5,0.0,100.67,0.0,0
18.666666666666668,16.4,12.666666666666666,70,113.5,0.0,100.67,0.0,1
17.666666666666668,18.8,11.666666666666666,71,113.5,0.0,100.67,0.0,1
20.0,19.4,13.666666666666666,72,113.5,0.0,100.67,0.0,1
17.666666666666668,17.0,12.666666666666666,73,113.5,0.0,100.67,0.0,0
16.333333333333332,17.8,13.0,74,113.5,0.0,100.67,0.0,0
15.0,17.2,12.333333333333334,75,113.5,0.0,100.67,0.0,1
20.666666666666668,18.8,13.0,76,113.5,0.0,100.67,0.0,1
19.666666666666668,17.6,11.333333333333334,77,113.5,0.0,100.67,0.0,0
22.0,22.0,13.0,1,115.4,0.0,103.58,0.0,0
24.5,24.5,18.0,2,115.4,0.0,103.58,0.0,1
22.666666666666668,22.666666666666668,16.666666666666668,3,115.4,0.0,103.58,0.0,0
22.333333333333332,22.25,16.333333333333332,4,115.4,0.0,103.58,0.0,0
19.333333333333332,21.4,13.666666666666666,5,115.4,0.0,103.58,0.0,0
20.333333333333332,21.4,15.666666666666666,6,115.4,0.0,103.58,0.0,1
23.333333333333332,22.0,16.666666666666668,7,115.4,0.0,103.58,0.0,1
26.0,23.4,15.666666666666666,8,115.4,0.0,103.58,0.0,1
26.666666666666668,24.0,15.666666666666666,9,115.4,0.0,103.58,0.0,0
23.666666666666668,24.6,16.0,10,115.4,0.0,103.58,0.0,0
21.666666666666668,24.2,17.0,11,115.4,0.0,103.58,0.0,0
21.666666666666668,23.0,14.333333333333334,12,115.4,0.0,103.58,0.0,1
22.333333333333332,22.4,13.666666666666666,13,115.4,0.0,103.58,0.0,1
22.666666666666668,21.8,14.0,14,115.4,0.0,103.58,0.0,0
25.0,23.8,19.0,15,115.4,0.0,103.58,0.0,1
19.666666666666668,21.2,17.333333333333332,16,115.4,0.0,103.58,0.0,0
20.0,20.8,19.333333333333332,17,115.4,0.0,103.58,0.0,1
15.666666666666666,19.8,15.333333333333334,18,115.4,0.0,103.58,0.0,0
19.333333333333332,19.2,17.0,19,115.4,0.0,103.58,0.0,0
20.666666666666668,18.2,14.666666666666666,20,115.4,0.0,103.58,0.0,1
20.333333333333332,20.2,14.0,21,115.4,0.0,103.58,0.0,0
23.666666666666668,21.4,13.666666666666666,22,115.4,0.0,103.58,0.0,1
22.0,22.0,14.333333333333334,23,115.4,0.0,103.58,0.0,0
21.333333333333332,21.4,14.666666666666666,24,115.4,0.0,103.58,0.0,0
21.333333333333332,21.8,16.666666666666668,25,115.4,0.0,103.58,0.0,1
21.666666666666668,22.8,15.0,26,115.4,0.0,103.58,0.0,0
25.0,22.2,15.666666666666666,27,115.4,0.0,103.58,0.0,1
22.666666666666668,22.2,15.0,28,115.4,0.0,103.58,0.0,0
23.333333333333332,24.0,16.666666666666668,29,115.4,0.0,103.58,0.0,0
18.666666666666668,20.6,17.0,30,115.4,0.0,103.58,0.0,0
17.0,19.4,15.666666666666666,31,115.4,0.0,103.58,0.0,0
16.0,18.6,15.0,32,115.4,0.0,103.58,0.0,1
19.666666666666668,18.8,15.0,33,115.4,0.0,103.58,0.0,1
19.333333333333332,17.0,15.0,34,115.4,0.0,103.58,0.0,0
18.666666666666668,18.6,14.666666666666666,35,115.4,0.0,103.58,0.0,0
15.333333333333334,17.8,12.333333333333334,36,115.4,0.0,103.58,0.0,0
13.0,15.2,11.0,37,115.4,0.0,103.58,0.0,0
12.0,14.0,11.0,38,115.4,0.0,103.58,0.0,1
14.666666666666666,15.0,12.333333333333334,39,115.4,0.0,103.58,0.0,1
16.666666666666668,14.0,13.666666666666666,40,115.4,0.0,103.58,0.0,0
16.0,14.4,12.0,41,115.4,0.0,103.58,0.0,0
16.0,16.8,12.0,42,115.4,0.0,103.58,0.0,1
18.666666666666668,18.0,13.666666666666666,43,115.4,0.0,103.58,0.0,1
19.333333333333332,17.2,15.333333333333334,44,115.4,0.0,103.58,0.0,0
20.333333333333332,19.0,15.333333333333334,45,115.4,0.0,103.58,0.0,1
21.0,21.0,15.333333333333334,46,115.4,0.0,103.58,0.0,1
25.0,22.6,16.666666666666668,47,115.4,0.0,103.58,0.0,1
21.666666666666668,20.8,15.0,48,115.4,0.0,103.58,0.0,0
21.0,22.0,15.0,49,115.4,0.0,103.58,0.0,0
19.333333333333332,22.0,14.0,50,115.4,0.0,103.58,0.0,1
21.0,20.8,16.666666666666668,51,115.4,0.0,103.58,0.0,0
18.333333333333332,18.0,15.333333333333334,52,115.4,0.0,103.58,0.0,0
12.333333333333334,16.4,13.333333333333334,53,115.4,0.0,103.58,0.0,0
11.666666666666666,15.2,12.333333333333334,54,115.4,0.0,103.58,0.0,1
12.666666666666666,14.0,12.666666666666666,55,115.4,0.0,103.58,0.0,1
18.333333333333332,14.8,14.333333333333334,56,115.4,0.0,103.58,0.0,1
19.666666666666668,16.0,14.0,57,115.4,0.0,103.58,0.0,1
20.666666666666668,19.0,12.333333333333334,58,115.4,0.0,103.58,0.0,1
17.333333333333332,18.2,10.0,59,115.4,0.0,103.58,0.0,0
15.666666666666666,17.8,9.333333333333334,60,115.4,0.0,103.58,0.0,0
17.0,18.2,13.0,61,115.4,0.0,103.58,0.0,1
20.0,18.4,14.666666666666666,62,115.4,0.0,103.58,0.0,1
22.333333333333332,18.8,15.0,63,115.4,0.0,103.58,0.0,1
19.333333333333332,19.4,11.0,64,115.4,0.0,103.58,0.0,0
17.0,19.2,12.0,65,115.4,0.0,103.58,0.0,0
15.666666666666666,18.0,12.0,66,115.4,0.0,103.58,0.0,1
17.333333333333332,17.8,15.0,67,115.4,0.0,103.58,0.0,1
16.0,15.4,12.666666666666666,68,115.4,0.0,103.58,0.0,0
12.666666666666666,14.0,13.0,69,115.4,0.0,103.58,0.0,0
12.333333333333334,15.0,10.333333333333334,70,115.4,0.0,103.58,0.0,1
14.666666666666666,14.8,11.0,71,115.4,0.0,103.58,0.0,1
10.0,10.0,4.0,1,113.5,0.0,100.67,0.0,1
7.5,7.5,5.0,2,113.5,0.0,100.67,0.0,0
6.333333333333333,6.333333333333333,4.666666666666667,3,113.5,0.0,100.67,0.0,0
5.0,6.25,4.666666666666667,4,113.5,0.0,100.67,0.0,1
5.333333333333333,6.2,4.0,5,113.5,0.0,100.67,0.0,0
7.333333333333333,6.2,4.0,6,113.5,0.0,100.67,0.0,1
7.333333333333333,6.4,4.0,7,113.5,0.0,100.67,0.0,1
7.666666666666667,7.0,4.666666666666667,8,113.5,0.0,100.67,0.0,1
7.333333333333333,7.6,6.0,9,113.5,0.0,100.67,0.0,1
7.333333333333333,7.6,6.666666666666667,10,113.5,0.0,100.67,0.0,0
9.666666666666666,8.4,7.0,11,113.5,0.0,100.67,0.0,1
7.666666666666667,7.8,5.666666666666667,12,113.5,0.0,100.67,0.0,0
7.666666666666667,7.6,4.666666666666667,13,113.5,0.0,100.67,0.0,0
4.333333333333333,6.6,3.3333333333333335,14,113.5,0.0,100.67,0.0,0
5.0,6.4,2.6666666666666665,15,113.5,0.0,100.67,0.0,0
7.333333333333333,6.2,4.0,16,113.5,0.0,100.67,0.0,1
6.0,5.6,3.0,17,113.5,0.0,100.67,0.0,0
8.0,6.6,5.666666666666667,18,113.5,0.0,100.67,0.0,1
3.6666666666666665,5.8,4.0,19,113.5,0.0,100.67,0.0,0
6.666666666666667,6.6,7.0,20,113.5,0.0,100.67,0.0,1
4.666666666666667,5.0,6.333333333333333,21,113.5,0.0,100.67,0.0,1
5.333333333333333,5.4,6.333333333333333,22,113.5,0.0,100.67,0.0,0
4.666666666666667,4.6,4.666666666666667,23,113.5,0.0,100.67,0.0,1
5.333333333333333,6.0,4.0,24,113.5,0.0,100.67,0.0,1
6.333333333333333,5.2,4.333333333333333,25,113.5,0.0,100.67,0.0,0
7.0,6.0,4.0,26,113.5,0.0,100.67,0.0,1
6.666666666666667,6.8,3.6666666666666665,27,113.5,0.0,100.67,0.0,0
6.0,6.0,3.6666666666666665,28,113.5,0.0,100.67,0.0,0
4.333333333333333,5.4,3.0,29,113.5,0.0,100.67,0.0,0
2.3333333333333335,4.4,1.3333333333333333,30,113.5,0.0,100.67,0.0,0
2.6666666666666665,3.4,1.0,31,113.5,0.0,100.67,0.0,0
6.0,5.0,3.6666666666666665,32,113.5,0.0,100.67,0.0,1
11.666666666666666,7.8,6.0,33,113.5,0.0,100.67,0.0,1
11.0,7.4,6.333333333333333,34,113.5,0.0,100.67,0.0,0
7.333333333333333,8.0,4.333333333333333,35,113.5,0.0,100.67,0.0,0
4.0,8.6,3.3333333333333335,36,113.5,0.0,100.67,0.0,0
4.666666666666667,6.6,4.333333333333333,37,113.5,0.0,100.67,0.0,0
4.333333333333333,3.6,4.333333333333333,38,113.5,0.0,100.67,0.0,0
4.0,4.4,4.333333333333333,39,113.5,0.0,100.67,0.0,1
4.333333333333333,4.8,4.0,40,113.5,0.0,100.67,0.0,0
5.333333333333333,4.4,4.0,41,113.5,0.0,100.67,0.0,1
6.333333333333333,5.4,5.333333333333333,42,113.5,0.0,100.67,0.0,1
6.333333333333333,6.0,4.333333333333333,43,113.5,0.0,100.67,0.0,0
6.333333333333333,5.8,4.0,44,113.5,0.0,100.67,0.0,0
7.0,7.0,3.0,45,113.5,0.0,100.67,0.0,1
8.666666666666666,8.0,4.0,46,113.5,0.0,100.67,0.0,1
7.666666666666667,6.6,3.6666666666666665,47,113.5,0.0,100.67,0.0,0
4.666666666666667,6.0,2.6666666666666665,48,113.5,0.0,100.67,0.0,0
5.0,7.2,3.0,49,113.5,0.0,100.67,0.0,1
9.666666666666666,8.2,4.333333333333333,50,113.5,0.0,100.67,0.0,1
0.0,0.0,6.0,1,106.7,0.0,100.82,1.0,1
3.0,3.0,6.0,2,106.7,0.0,100.82,1.0,1
7.666666666666667,7.666666666666667,7.333333333333333,3,106.7,0.0,100.82,1.0,1
14.0,10.5,8.333333333333334,4,106.7,0.0,100.82,1.0,1
17.333333333333332,11.6,9.666666666666666,5,106.7,0.0,100.82,1.0,1
14.333333333333334,13.2,8.666666666666666,6,106.7,0.0,100.82,1.0,0
12.666666666666666,14.8,9.666666666666666,7,106.7,0.0,100.82,1.0,0
16.0,16.6,11.666666666666666,8,106.7,0.0,100.82,1.0,1
16.333333333333332,14.6,12.0,9,106.7,0.0,100.82,1.0,0
14.0,12.8,10.666666666666666,10,106.7,0.0,100.82,1.0,0
10.0,14.0,8.333333333333334,11,106.7,0.0,100.82,1.0,0
10.333333333333334,13.2,8.333333333333334,12,106.7,0.0,100.82,1.0,0
12.666666666666666,10.8,8.333333333333334,13,106.7,0.0,100.82,1.0,1
10.666666666666666,10.6,7.0,14,106.7,0.0,100.82,1.0,0
10.333333333333334,11.0,5.666666666666667,15,106.7,0.0,100.82,1.0,0
10.333333333333334,11.0,6.0,16,106.7,0.0,100.82,1.0,1
12.0,11.6,7.333333333333333,17,106.7,0.0,100.82,1.0,1
12.0,10.6,7.333333333333333,18,106.7,0.0,100.82,1.0,0
14.333333333333334,13.2,9.0,19,106.7,0.0,100.82,1.0,1
14.333333333333334,14.0,7.666666666666667,20,106.7,0.0,100.82,1.0,0
15.0,13.4,9.0,21,106.7,0.0,100.82,1.0,0
11.666666666666666,13.0,7.666666666666667,22,106.7,0.0,100.82,1.0,0
11.0,13.4,9.333333333333334,23,106.7,0.0,100.82,1.0,0
18.0,15.6,14.0,24,106.7,0.0,100.82,1.0,1
19.666666666666668,16.2,13.0,25,106.7,0.0,100.82,1.0,1
21.333333333333332,17.2,12.333333333333334,26,106.7,0.0,100.82,1.0,0
14.0,17.0,7.666666666666667,27,106.7,0.0,100.82,1.0,0
12.666666666666666,17.2,7.666666666666667,28,106.7,0.0,100.82,1.0,0
10.666666666666666,12.8,8.0,29,106.7,0.0,100.82,1.0,0
17.666666666666668,15.8,11.666666666666666,30,106.7,0.0,100.82,1.0,1
19.0,15.8,14.333333333333334,31,106.7,0.0,100.82,1.0,0
18.333333333333332,15.4,12.333333333333334,32,106.7,0.0,100.82,1.0,0
9.666666666666666,14.0,8.666666666666666,33,106.7,0.0,100.82,1.0,0
11.0,16.0,5.666666666666667,34,106.7,0.0,100.82,1.0,1
18.0,15.6,10.333333333333334,35,106.7,0.0,100.82,1.0,1
20.333333333333332,14.8,10.333333333333334,36,106.7,0.0,100.82,1.0,0
18.0,15.8,10.666666666666666,37,106.7,0.0,100.82,1.0,0
11.333333333333334,16.6,7.0,38,106.7,0.0,100.82,1.0,0
12.333333333333334,15.6,7.0,39,106.7,0.0,100.82,1.0,1
11.666666666666666,12.0,6.333333333333333,40,106.7,0.0,100.82,1.0,0
11.333333333333334,11.2,5.333333333333333,41,106.7,0.0,100.82,1.0,0
7.333333333333333,9.2,3.3333333333333335,42,106.7,0.0,100.82,1.0,0
7.666666666666667,9.8,4.0,43,106.7,0.0,100.82,1.0,1
7.0,8.0,5.0,44,106.7,0.0,100.82,1.0,0
8.666666666666666,7.4,5.666666666666667,45,106.7,0.0,100.82,1.0,1
7.333333333333333,7.4,4.666666666666667,46,106.7,0.0,100.82,1.0,0
8.666666666666666,8.8,6.333333333333333,47,106.7,0.0,100.82,1.0,0
12.333333333333334,10.2,8.333333333333334,48,106.7,0.0,100.82,1.0,1
12.666666666666666,10.8,10.0,49,106.7,0.0,100.82,1.0,0
12.666666666666666,11.2,7.333333333333333,50,106.7,0.0,100.82,1.0,0
11.333333333333334,12.6,7.0,51,106.7,0.0,100.82,1.0,1
16.333333333333332,15.4,9.666666666666666,52,106.7,0.0,100.82,1.0,1
15.0,12.8,11.666666666666666,53,106.7,0.0,100.82,1.0,0
10.666666666666666,11.4,11.0,54,106.7,0.0,100.82,1.0,0
5.333333333333333,11.0,8.333333333333334,55,106.7,0.0,100.82,1.0,0
12.666666666666666,13.6,10.333333333333334,56,106.7,0.0,100.82,1.0,1
20.666666666666668,14.0,12.666666666666666,57,106.7,0.0,100.82,1.0,1
20.333333333333332,14.2,12.333333333333334,58,106.7,0.0,100.82,1.0,0
15.666666666666666,16.6,9.333333333333334,59,106.7,0.0,100.82,1.0,0
13.666666666666666,19.0,7.666666666666667,60,106.7,0.0,100.82,1.0,1
17.0,16.8,9.0,61,106.7,0.0,100.82,1.0,1
20.666666666666668,16.6,11.666666666666666,62,106.7,0.0,100.82,1.0,1
24.666666666666668,21.6,14.333333333333334,63,106.7,0.0,100.82,1.0,1
23.333333333333332,21.4,13.0,64,106.7,0.0,100.82,1.0,0
17.666666666666668,19.0,10.333333333333334,65,106.7,0.0,100.82,1.0,0
9.0,16.8,6.333333333333333,66,106.7,0.0,100.82,1.0,0
9.0,14.4,7.0,67,106.7,0.0,100.82,1.0,0
10.666666666666666,10.6,10.333333333333334,68,106.7,0.0,100.82,1.0,1
12.333333333333334,10.2,11.333333333333334,69,106.7,0.0,100.82,1.0,1
15.666666666666666,13.2,12.666666666666666,70,106.7,0.0,100.82,1.0,1
15.0,14.2,11.0,71,106.7,0.0,100.82,1.0,0
14.333333333333334,13.4,12.666666666666666,72,106.7,0.0,100.82,1.0,0
8.666666666666666,12.0,9.666666666666666,73,106.7,0.0,100.82,1.0,0
11.333333333333334,13.6,10.0,74,106.7,0.0,100.82,1.0,1
15.0,13.0,9.333333333333334,75,106.7,0.0,100.82,1.0,1
8.0,8.0,3.0,1,115.7,0.0,98.3,0.0,0
11.0,11.0,6.0,2,115.7,0.0,98.3,0.0,1
11.0,11.0,6.666666666666667,3,115.7,0.0,98.3,0.0,0
12.666666666666666,11.5,7.0,4,115.7,0.0,98.3,0.0,1
11.333333333333334,11.2,7.333333333333333,5,115.7,0.0,98.3,0.0,0
9.666666666666666,10.8,7.0,6,115.7,0.0,98.3,0.0,0
9.0,10.2,7.333333333333333,7,115.7,0.0,98.3,0.0,1
9.0,10.0,6.666666666666667,8,115.7,0.0,98.3,0.0,1
11.0,9.8,6.333333333333333,9,115.7,0.0,98.3,0.0,1
9.333333333333334,9.0,6.0,10,115.7,0.0,98.3,0.0,0
10.666666666666666,10.6,7.333333333333333,11,115.7,0.0,98.3,0.0,1
14.0,12.8,9.333333333333334,12,115.7,0.0,98.3,0.0,1
14.666666666666666,12.4,9.666666666666666,13,115.7,0.0,98.3,0.0,0
12.0,11.2,7.0,14,115.7,0.0,98.3,0.0,0
10.666666666666666,13.6,7.333333333333333,15,115.7,0.0,98.3,0.0,1
10.0,12.0,7.666666666666667,16,115.7,0.0,98.3,0.0,0
9.333333333333334,8.4,7.666666666666667,17,115.7,0.0,98.3,0.0,0
6.0,8.4,5.333333333333333,18,115.7,0.0,98.3,0.0,0
4.0,7.2,3.6666666666666665,19,115.7,0.0,98.3,0.0,0
5.666666666666667,5.4,4.666666666666667,20,115.7,0.0,98.3,0.0,1
7.0,6.6,6.333333333333333,21,115.7,0.0,98.3,0.0,1
12.666666666666666,9.2,10.0,22,115.7,0.0,98.3,0.0,1
17.0,12.0,11.666666666666666,23,115.7,0.0,98.3,0.0,1
14.666666666666666,13.0,9.333333333333334,24,115.7,0.0,98.3,0.0,0
9.666666666666666,11.6,6.0,25,115.7,0.0,98.3,0.0,0
6.0,11.4,4.0,26,115.7,0.0,98.3,0.0,1
11.0,12.0,8.0,27,115.7,0.0,98.3,0.0,1
17.333333333333332,11.8,13.666666666666666,28,115.7,0.0,98.3,0.0,1
18.333333333333332,13.6,14.666666666666666,29,115.7,0.0,98.3,0.0,0
17.333333333333332,16.6,12.0,30,115.7,0.0,98.3,0.0,1
15.0,17.2,7.333333333333333,31,115.7,0.0,98.3,0.0,0
14.666666666666666,15.8,6.666666666666667,32,115.7,0.0,98.3,0.0,0
14.0,14.6,6.0,33,115.7,0.0,98.3,0.0,0
12.666666666666666,13.8,6.666666666666667,34,115.7,0.0,98.3,0.0,0
9.0,10.8,6.666666666666667,35,115.7,0.0,98.3,0.0,0
8.0,10.4,8.0,36,115.7,0.0,98.3,0.0,1
9.333333333333334,10.6,10.333333333333334,37,115.7,0.0,98.3,0.0,1
11.333333333333334,9.2,10.666666666666666,38,115.7,0.0,98.3,0.0,0
12.333333333333334,10.2,11.333333333333334,39,115.7,0.0,98.3,0.0,1
10.666666666666666,11.6,10.0,40,115.7,0.0,98.3,0.0,0
14.666666666666666,13.2,11.0,41,115.7,0.0,98.3,0.0,1
17.333333333333332,15.0,11.666666666666666,42,115.7,0.0,98.3,0.0,1
17.666666666666668,15.4,11.333333333333334,43,115.7,0.0,98.3,0.0,0
13.0,13.6,10.0,44,115.7,0.0,98.3,0.0,0
8.666666666666666,13.8,7.666666666666667,45,115.7,0.0,98.3,0.0,0
10.666666666666666,13.0,7.333333333333333,46,115.7,0.0,98.3,0.0,1
14.666666666666666,12.0,8.333333333333334,47,115.7,0.0,98.3,0.0,1
16.333333333333332,13.0,9.0,48,115.7,0.0,98.3,0.0,1
15.0,14.2,9.333333333333334,49,115.7,0.0,98.3,0.0,0
10.333333333333334,13.0,7.666666666666667,50,115.7,0.0,98.3,0.0,0
0.0,0.0,0.0,1,112.1,0.0,100.37,1.0,1
0.0,0.0,0.0,2,112.1,0.0,100.37,1.0,0
0.0,0.0,0.6666666666666666,3,112.1,0.0,100.37,1.0,1
0.6666666666666666,0.5,0.6666666666666666,4,112.1,0.0,100.37,1.0,1
2.3333333333333335,1.4,1.3333333333333333,5,112.1,0.0,100.37,1.0,1
3.6666666666666665,2.2,1.3333333333333333,6,112.1,0.0,100.37,1.0,1
5.333333333333333,3.6,2.6666666666666665,7,112.1,0.0,100.37,1.0,1
5.666666666666667,4.8,4.333333333333333,8,112.1,0.0,100.37,1.0,1
8.0,6.6,6.0,9,112.1,0.0,100.37,1.0,1
5.666666666666667,5.6,5.0,10,112.1,0.0,100.37,1.0,0
5.666666666666667,6.0,4.666666666666667,11,112.1,0.0,100.37,1.0,1
2.6666666666666665,5.0,2.6666666666666665,12,112.1,0.0,100.37,1.0,0
3.6666666666666665,4.4,3.0,13,112.1,0.0,100.37,1.0,0
4.0,3.6,2.0,14,112.1,0.0,100.37,1.0,1
3.3333333333333335,3.6,1.6666666666666667,15,112.1,0.0,100.37,1.0,0
8.333333333333334,6.0,3.6666666666666665,16,112.1,0.0,100.37,1.0,1
6.0,5.6,3.0,17,112.1,0.0,100.37,1.0,0
6.666666666666667,5.4,3.3333333333333335,18,112.1,0.0,100.37,1.0,0
2.3333333333333335,5.0,1.6666666666666667,19,112.1,0.0,100.37,1.0,0
2.3333333333333335,5.0,1.6666666666666667,20,112.1,0.0,100.37,1.0,0
2.3333333333333335,1.8,1.6666666666666667,21,112.1,0.0,100.37,1.0,0
2.6666666666666665,3.0,3.6666666666666665,22,112.1,0.0,100.37,1.0,1
4.333333333333333,3.6,4.666666666666667,23,112.1,0.0,100.37,1.0,1
7.333333333333333,4.8,6.333333333333333,24,112.1,0.0,100.37,1.0,1
6.666666666666667,5.6,4.666666666666667,25,112.1,0.0,100.37,1.0,0
6.333333333333333,6.0,5.666666666666667,26,112.1,0.0,100.37,1.0,0
4.333333333333333,5.8,5.0,27,112.1,0.0,100.37,1.0,1
4.666666666666667,5.8,6.0,28,112.1,0.0,100.37,1.0,0
3.3333333333333335,3.6,3.6666666666666665,29,112.1,0.0,100.37,1.0,0
2.6666666666666665,3.4,3.3333333333333335,30,112.1,0.0,100.37,1.0,0
3.3333333333333335,4.0,3.0,31,112.1,0.0,100.37,1.0,1
3.6666666666666665,3.2,3.0,32,112.1,0.0,100.37,1.0,0
2.6666666666666665,2.2,2.6666666666666665,33,112.1,0.0,100.37,1.0,0
1.0,2.6,2.3333333333333335,34,112.1,0.0,100.37,1.0,0
0.6666666666666666,2.0,2.6666666666666665,35,112.1,0.0,100.37,1.0,0
4.0,2.6,4.666666666666667,36,112.1,0.0,100.37,1.0,1
4.0,2.8,4.333333333333333,37,112.1,0.0,100.37,1.0,0
6.666666666666667,4.4,5.0,38,112.1,0.0,100.37,1.0,1
4.666666666666667,4.8,4.0,39,112.1,0.0,100.37,1.0,1
4.0,4.8,2.6666666666666665,40,112.1,0.0,100.37,1.0,0
2.0,3.2,2.3333333333333335,41,112.1,0.0,100.37,1.0,0
2.0,3.6,2.0,42,112.1,0.0,100.37,1.0,1
3.6666666666666665,3.0,3.0,43,112.1,0.0,100.37,1.0,1
4.666666666666667,3.2,3.3333333333333335,44,112.1,0.0,100.37,1.0,1
4.333333333333333,3.8,2.6666666666666665,45,112.1,0.0,100.37,1.0,0
5.333333333333333,5.0,3.3333333333333335,46,112.1,0.0,100.37,1.0,1
6.666666666666667,6.0,4.333333333333333,47,112.1,0.0,100.37,1.0,1
9.333333333333334,7.2,6.0,48,112.1,0.0,100.37,1.0,1
8.333333333333334,7.2,6.0,49,112.1,0.0,100.37,1.0,0
7.0,7.6,5.0,50,112.1,0.0,100.37,1.0,0
7.333333333333333,8.4,5.333333333333333,51,112.1,0.0,100.37,1.0,1
10.333333333333334,9.4,6.0,52,112.1,0.0,100.37,1.0,1
10.0,8.0,6.0,53,112.1,0.0,100.37,1.0,0
7.0,7.6,5.333333333333333,54,112.1,0.0,100.37,1.0,0
3.0,7.0,3.3333333333333335,55,112.1,0.0,100.37,1.0,0
1.6666666666666667,4.6,2.3333333333333335,56,112.1,0.0,100.37,1.0,0
2.0,2.6,1.3333333333333333,57,112.1,0.0,100.37,1.0,1
4.0,4.0,4.0,1,115.2,0.0,100.67,0.0,0
9.0,9.0,6.5,2,115.2,0.0,100.67,0.0,1
8.333333333333334,8.333333333333334,6.666666666666667,3,115.2,0.0,100.67,0.0,0
10.333333333333334,8.75,8.333333333333334,4,115.2,0.0,100.67,0.0,0
11.0,10.2,9.666666666666666,5,115.2,0.0,100.67,0.0,1
14.0,12.6,11.0,6,115.2,0.0,100.67,0.0,1
12.666666666666666,11.0,11.0,7,115.2,0.0,100.67,0.0,0
13.333333333333334,13.2,11.333333333333334,8,115.2,0.0,100.67,0.0,1
12.0,13.6,11.0,9,115.2,0.0,100.67,0.0,0
17.333333333333332,14.8,13.666666666666666,10,115.2,0.0,100.67,0.0,1
13.333333333333334,12.8,12.333333333333334,11,115.2,0.0,100.67,0.0,0
15.0,15.0,13.666666666666666,12,115.2,0.0,100.67,0.0,1
11.333333333333334,13.6,10.333333333333334,13,115.2,0.0,100.67,0.0,0
15.333333333333334,14.8,11.666666666666666,14,115.2,0.0,100.67,0.0,1
14.333333333333334,13.2,9.0,15,115.2,0.0,100.67,0.0,1
18.0,16.4,11.0,16,115.2,0.0,100.67,0.0,1
15.333333333333334,15.0,9.333333333333334,17,115.2,0.0,100.67,0.0,0
14.0,14.8,10.0,18,115.2,0.0,100.67,0.0,0
11.333333333333334,14.0,10.0,19,115.2,0.0,100.67,0.0,1
10.333333333333334,12.6,8.666666666666666,20,115.2,0.0,100.67,0.0,0
9.666666666666666,9.8,8.666666666666666,21,115.2,0.0,100.67,0.0,0
10.333333333333334,11.0,10.333333333333334,22,115.2,0.0,100.67,0.0,1
15.666666666666666,13.6,15.666666666666666,23,115.2,0.0,100.67,0.0,1
17.333333333333332,13.4,17.0,24,115.2,0.0,100.67,0.0,0
16.0,14.4,16.0,25,115.2,0.0,100.67,0.0,0
10.333333333333334,14.0,11.333333333333334,26,115.2,0.0,100.67,0.0,0
7.666666666666667,11.8,9.666666666666666,27,115.2,0.0,100.67,0.0,0
9.666666666666666,10.8,9.0,28,115.2,0.0,100.67,0.0,1
14.333333333333334,12.2,12.333333333333334,29,115.2,0.0,100.67,0.0,1
20.0,14.2,14.0,30,115.2,0.0,100.67,0.0,1
20.0,16.6,14.333333333333334,31,115.2,0.0,100.67,0.0,1
20.0,19.6,14.333333333333334,32,115.2,0.0,100.67,0.0,0
15.333333333333334,17.6,12.333333333333334,33,115.2,0.0,100.67,0.0,0
18.333333333333332,19.0,14.0,34,115.2,0.0,100.67,0.0,1
17.666666666666668,18.2,14.333333333333334,35,115.2,0.0,100.67,0.0,1
22.333333333333332,19.0,16.333333333333332,36,115.2,0.0,100.67,0.0,1
14.0,15.4,11.666666666666666,37,115.2,0.0,100.67,0.0,0
15.333333333333334,18.2,11.333333333333334,38,115.2,0.0,100.67,0.0,1
16.666666666666668,18.0,12.666666666666666,39,115.2,0.0,100.67,0.0,1
20.0,16.8,14.0,40,115.2,0.0,100.67,0.0,0
22.666666666666668,18.4,16.666666666666668,41,115.2,0.0,100.67,0.0,1
21.333333333333332,22.4,17.666666666666668,42,115.2,0.0,100.67,0.0,0
28.333333333333332,24.6,21.333333333333332,43,115.2,0.0,100.67,0.0,1
28.666666666666668,25.6,20.0,44,115.2,0.0,100.67,0.0,1
28.0,27.2,18.0,45,115.2,0.0,100.67,0.0,0
25.333333333333332,26.2,17.0,46,115.2,0.0,100.67,0.0,0
17.666666666666668,23.4,13.333333333333334,47,115.2,0.0,100.67,0.0,0
17.0,20.4,14.0,48,115.2,0.0,100.67,0.0,0
15.333333333333334,18.2,14.333333333333334,49,115.2,0.0,100.67,0.0,1
20.666666666666668,19.0,18.333333333333332,50,115.2,0.0,100.67,0.0,1
26.0,20.8,21.666666666666668,51,115.2,0.0,100.67,0.0,1
26.666666666666668,23.6,23.333333333333332,52,115.2,0.0,100.67,0.0,0
28.666666666666668,26.0,23.333333333333332,53,115.2,0.0,100.67,0.0,1
25.666666666666668,27.0,23.0,54,115.2,0.0,100.67,0.0,0
20.333333333333332,23.4,18.666666666666668,55,115.2,0.0,100.67,0.0,0
7.0,7.0,2.0,1,110.4,0.0,96.63,1.0,1
3.5,3.5,1.0,2,110.4,0.0,96.63,1.0,0
2.6666666666666665,2.6666666666666665,0.6666666666666666,3,110.4,0.0,96.63,1.0,0
3.6666666666666665,4.5,2.0,4,110.4,0.0,96.63,1.0,1
6.0,5.0,3.6666666666666665,5,110.4,0.0,96.63,1.0,1
9.666666666666666,6.0,6.0,6,110.4,0.0,96.63,1.0,1
7.0,6.4,5.666666666666667,7,110.4,0.0,96.63,1.0,0
9.333333333333334,9.0,6.333333333333333,8,110.4,0.0,96.63,1.0,1
10.333333333333334,10.0,7.333333333333333,9,110.4,0.0,96.63,1.0,1
10.333333333333334,9.0,6.0,10,110.4,0.0,96.63,1.0,0
8.333333333333334,8.2,5.333333333333333,11,110.4,0.0,96.63,1.0,1
5.0,8.8,4.0,12,110.4,0.0,96.63,1.0,0
6.333333333333333,7.2,5.333333333333333,13,110.4,0.0,96.63,1.0,0
5.666666666666667,5.4,5.333333333333333,14,110.4,0.0,96.63,1.0,1
7.666666666666667,7.2,5.666666666666667,15,110.4,0.0,96.63,1.0,1
8.333333333333334,7.2,5.666666666666667,16,110.4,0.0,96.63,1.0,1
7.333333333333333,6.8,4.333333333333333,17,110.4,0.0,96.63,1.0,0
4.666666666666667,6.2,4.0,18,110.4,0.0,96.63,1.0,0
4.0,6.2,3.6666666666666665,19,110.4,0.0,96.63,1.0,1
7.333333333333333,6.6,5.666666666666667,20,110.4,0.0,96.63,1.0,1
11.333333333333334,8.0,6.333333333333333,21,110.4,0.0,96.63,1.0,1
14.333333333333334,10.4,7.666666666666667,22,110.4,0.0,96.63,1.0,1
11.333333333333334,10.6,7.333333333333333,23,110.4,0.0,96.63,1.0,0
7.666666666666667,10.2,5.666666666666667,24,110.4,0.0,96.63,1.0,0
3.0,7.8,3.0,25,110.4,0.0,96.63,1.0,0
5.0,6.8,2.6666666666666665,26,110.4,0.0,96.63,1.0,1
4.333333333333333,4.2,2.0,27,110.4,0.0,96.63,1.0,0
8.333333333333334,6.0,4.666666666666667,28,110.4,0.0,96.63,1.0,1
7.0,6.4,4.666666666666667,29,110.4,0.0,96.63,1.0,0
10.666666666666666,8.8,6.333333333333333,30,110.4,0.0,96.63,1.0,1
8.333333333333334,8.0,5.333333333333333,31,110.4,0.0,96.63,1.0,0
10.0,9.8,5.666666666666667,32,110.4,0.0,96.63,1.0,1
6.333333333333333,7.6,4.666666666666667,33,110.4,0.0,96.63,1.0,0
5.0,6.8,3.3333333333333335,34,110.4,0.0,96.63,1.0,0
4.0,5.8,3.3333333333333335,35,110.4,0.0,96.63,1.0,1
4.333333333333333,5.2,3.3333333333333335,36,110.4,0.0,96.63,1.0,0
7.0,5.0,5.666666666666667,37,110.4,0.0,96.63,1.0,1
5.0,5.0,4.333333333333333,38,110.4,0.0,96.63,1.0,0
4.666666666666667,5.0,3.6666666666666665,39,110.4,0.0,96.63,1.0,0
1.3333333333333333,3.4,1.0,40,110.4,0.0,96.63,1.0,0
0.6666666666666666,2.8,0.3333333333333333,41,110.4,0.0,96.63,1.0,0
0.0,0.8,0.0,42,110.4,0.0,96.63,1.0,0
0.0,0.4,0.0,43,110.4,0.0,96.63,1.0,1
1.6666666666666667,1.0,0.6666666666666666,44,110.4,0.0,96.63,1.0,1
1.6666666666666667,1.0,0.6666666666666666,45,110.4,0.0,96.63,1.0,0
1.6666666666666667,1.0,0.6666666666666666,46,110.4,0.0,96.63,1.0,0
0.6666666666666666,1.4,1.0,47,110.4,0.0,96.63,1.0,1
1.3333333333333333,1.8,2.6666666666666665,48,110.4,0.0,96.63,1.0,0
2.3333333333333335,1.4,3.0,49,110.4,0.0,96.63,1.0,1
2.3333333333333335,1.8,2.0,50,110.4,0.0,96.63,1.0,1
3.6666666666666665,3.0,1.3333333333333333,51,110.4,0.0,96.63,1.0,1
2.6666666666666665,2.6,1.0,52,110.4,0.0,96.63,1.0,0
2.6666666666666665,2.6,1.3333333333333333,53,110.4,0.0,96.63,1.0,0
0.6666666666666666,2.0,0.3333333333333333,54,110.4,0.0,96.63,1.0,0
2.6666666666666665,2.8,2.0,55,110.4,0.0,96.63,1.0,1
3.3333333333333335,2.4,2.0,56,110.4,0.0,96.63,1.0,1
4.666666666666667,3.2,3.0,57,110.4,0.0,96.63,1.0,1
2.6666666666666665,2.8,1.3333333333333333,58,110.4,0.0,96.63,1.0,0
1.3333333333333333,2.8,1.0,59,110.4,0.0,96.63,1.0,0
0.6666666666666666,2.0,0.3333333333333333,60,110.4,0.0,96.63,1.0,1
2.3333333333333335,2.2,1.6666666666666667,61,110.4,0.0,96.63,1.0,1
2.3333333333333335,1.4,2.0,62,110.4,0.0,96.63,1.0,0
0.0,0.0,0.0,1,110.4,0.0,96.63,0.0,0
1.0,1.0,0.5,2,110.4,0.0,96.63,0.0,1
0.6666666666666666,0.6666666666666666,0.3333333333333333,3,110.4,0.0,96.63,0.0,1
0.6666666666666666,0.5,0.3333333333333333,4,110.4,0.0,96.63,0.0,0
0.0,0.4,0.3333333333333333,5,110.4,0.0,96.63,0.0,1
0.6666666666666666,0.8,0.6666666666666666,6,110.4,0.0,96.63,0.0,1
1.3333333333333333,0.8,1.3333333333333333,7,110.4,0.0,96.63,0.0,1
1.3333333333333333,0.8,1.0,8,110.4,0.0,96.63,0.0,0
4.333333333333333,3.0,2.6666666666666665,9,110.4,0.0,96.63,0.0,1
8.333333333333334,5.8,4.333333333333333,10,110.4,0.0,96.63,0.0,1
9.666666666666666,6.2,5.0,11,110.4,0.0,96.63,0.0,0
8.0,7.0,4.0,12,110.4,0.0,96.63,0.0,0
6.0,8.6,4.0,13,110.4,0.0,96.63,0.0,0
6.0,7.2,4.333333333333333,14,110.4,0.0,96.63,0.0,0
6.0,5.6,5.0,15,110.4,0.0,96.63,0.0,1
4.333333333333333,5.4,3.3333333333333335,16,110.4,0.0,96.63,0.0,0
3.0,4.2,2.6666666666666665,17,110.4,0.0,96.63,0.0,0
4.0,4.4,2.6666666666666665,18,110.4,0.0,96.63,0.0,1
11.333333333333334,8.6,7.666666666666667,19,110.4,0.0,96.63,0.0,1
15.0,9.6,10.333333333333334,20,110.4,0.0,96.63,0.0,1
14.333333333333334,10.4,10.666666666666666,21,110.4,0.0,96.63,0.0,0
7.666666666666667,11.4,7.666666666666667,22,110.4,0.0,96.63,0.0,0
4.666666666666667,10.0,5.333333333333333,23,110.4,0.0,96.63,0.0,0
3.0,5.4,4.0,24,110.4,0.0,96.63,0.0,0
5.0,5.4,3.6666666666666665,25,110.4,0.0,96.63,0.0,1
8.666666666666666,6.6,5.333333333333333,26,110.4,0.0,96.63,0.0,1
8.0,5.6,5.0,27,110.4,0.0,96.63,0.0,0
7.666666666666667,7.2,4.333333333333333,28,110.4,0.0,96.63,0.0,1
4.333333333333333,7.4,3.6666666666666665,29,110.4,0.0,96.63,0.0,0
5.0,5.6,3.6666666666666665,30,110.4,0.0,96.63,0.0,0
5.0,5.0,4.0,31,110.4,0.0,96.63,0.0,1
5.666666666666667,6.0,3.0,32,110.4,0.0,96.63,0.0,0
9.333333333333334,6.6,4.333333333333333,33,110.4,0.0,96.63,0.0,1
6.0,6.0,2.3333333333333335,34,110.4,0.0,96.63,0.0,0
7.0,7.2,3.3333333333333335,35,110.4,0.0,96.63,0.0,1
2.6666666666666665,5.2,1.6666666666666667,36,110.4,0.0,96.63,0.0,0
2.6666666666666665,4.2,1.6666666666666667,37,110.4,0.0,96.63,0.0,0
5.0,4.6,2.6666666666666665,38,110.4,0.0,96.63,0.0,1
5.666666666666667,5.0,3.3333333333333335,39,110.4,0.0,96.63,0.0,0
6.333333333333333,3.8,4.0,40,110.4,0.0,96.63,0.0,0
2.0,4.2,2.0,41,110.4,0.0,96.63,0.0,0
1.3333333333333333,4.2,1.3333333333333333,42,110.4,0.0,96.63,0.0,0
2.0,2.0,1.6666666666666667,43,110.4,0.0,96.63,0.0,1
24.0,24.0,20.0,1,115.7,0.0,98.3,1.0,0
25.0,25.0,17.5,2,115.7,0.0,98.3,1.0,1
22.666666666666668,22.666666666666668,17.0,3,115.7,0.0,98.3,1.0,0
20.0,21.0,14.666666666666666,4,115.7,0.0,98.3,1.0,0
20.0,22.0,15.0,5,115.7,0.0,98.3,1.0,1
22.0,22.0,15.333333333333334,6,115.7,0.0,98.3,1.0,1
24.666666666666668,21.6,16.333333333333332,7,115.7,0.0,98.3,1.0,1
21.0,21.0,16.0,8,115.7,0.0,98.3,1.0,0
17.666666666666668,20.6,14.666666666666666,9,115.7,0.0,98.3,1.0,0
15.666666666666666,19.0,14.0,10,115.7,0.0,98.3,1.0,0
13.666666666666666,16.0,12.666666666666666,11,115.7,0.0,98.3,1.0,0
14.333333333333334,14.4,12.666666666666666,12,115.7,0.0,98.3,1.0,1
13.333333333333334,14.4,12.0,13,115.7,0.0,98.3,1.0,1
15.333333333333334,14.6,14.333333333333334,14,115.7,0.0,98.3,1.0,1
17.666666666666668,15.6,16.0,15,115.7,0.0,98.3,1.0,1
20.333333333333332,18.4,17.333333333333332,16,115.7,0.0,98.3,1.0,1
24.333333333333332,20.6,18.333333333333332,17,115.7,0.0,98.3,1.0,1
19.666666666666668,19.4,17.666666666666668,18,115.7,0.0,98.3,1.0,0
19.0,20.6,15.666666666666666,19,115.7,0.0,98.3,1.0,1
16.0,19.6,13.666666666666666,20,115.7,0.0,98.3,1.0,0
17.0,17.4,11.666666666666666,21,115.7,0.0,98.3,1.0,0
14.666666666666666,14.8,12.0,22,115.7,0.0,98.3,1.0,0
13.0,15.6,12.666666666666666,23,115.7,0.0,98.3,1.0,0
16.0,15.6,14.0,24,115.7,0.0,98.3,1.0,1
16.0,14.8,15.0,25,115.7,0.0,98.3,1.0,0
18.0,16.2,15.0,26,115.7,0.0,98.3,1.0,1
17.333333333333332,17.2,14.333333333333334,27,115.7,0.0,98.3,1.0,1
17.333333333333332,17.4,13.666666666666666,28,115.7,0.0,98.3,1.0,0
15.666666666666666,16.0,10.666666666666666,29,115.7,0.0,98.3,1.0,0
21.666666666666668,20.6,13.333333333333334,30,115.7,0.0,98.3,1.0,1
24.666666666666668,21.4,13.666666666666666,31,115.7,0.0,98.3,1.0,1
28.0,22.4,16.333333333333332,32,115.7,0.0,98.3,1.0,1
17.0,20.4,12.666666666666666,33,115.7,0.0,98.3,1.0,0
17.333333333333332,22.4,14.666666666666666,34,115.7,0.0,98.3,1.0,1
18.0,20.2,14.0,35,115.7,0.0,98.3,1.0,1
22.333333333333332,19.0,16.333333333333332,36,115.7,0.0,98.3,1.0,0
21.0,18.2,15.0,37,115.7,0.0,98.3,1.0,1
22.0,23.2,16.333333333333332,38,115.7,0.0,98.3,1.0,1
23.666666666666668,22.8,17.333333333333332,39,115.7,0.0,98.3,1.0,1
24.666666666666668,22.2,17.666666666666668,40,115.7,0.0,98.3,1.0,0
22.666666666666668,23.4,16.666666666666668,41,115.7,0.0,98.3,1.0,1
22.333333333333332,23.6,14.333333333333334,42,115.7,0.0,98.3,1.0,0
19.333333333333332,20.6,13.666666666666666,43,115.7,0.0,98.3,1.0,0
16.0,18.8,12.0,44,115.7,0.0,98.3,1.0,0
16.666666666666668,18.8,13.666666666666666,45,115.7,0.0,98.3,1.0,1
16.0,16.6,13.333333333333334,46,115.7,0.0,98.3,1.0,0
19.666666666666668,17.2,15.333333333333334,47,115.7,0.0,98.3,1.0,1
20.666666666666668,19.6,15.0,48,115.7,0.0,98.3,1.0,1
24.333333333333332,21.6,15.666666666666666,49,115.7,0.0,98.3,1.0,1
24.0,21.6,15.333333333333334,50,115.7,0.0,98.3,1.0,1
20.333333333333332,22.2,14.666666666666666,51,115.7,0.0,98.3,1.0,0
20.333333333333332,22.0,15.0,52,115.7,0.0,98.3,1.0,1
21.333333333333332,22.0,16.666666666666668,53,115.7,0.0,98.3,1.0,1
25.666666666666668,23.0,18.0,54,115.7,0.0,98.3,1.0,1
26.666666666666668,23.6,18.666666666666668,55,115.7,0.0,98.3,1.0,1
25.333333333333332,25.0,18.333333333333332,56,115.7,0.0,98.3,1.0,0
23.666666666666668,25.0,18.666666666666668,57,115.7,0.0,98.3,1.0,0
26.666666666666668,26.8,18.666666666666668,58,115.7,0.0,98.3,1.0,1
2.0,2.0,5.0,1,112.7,0.0,99.84,0.0,0
3.5,3.5,6.5,2,112.7,0.0,99.84,0.0,1
3.3333333333333335,3.3333333333333335,5.333333333333333,3,112.7,0.0,99.84,0.0,0
4.333333333333333,3.75,5.666666666666667,4,112.7,0.0,99.84,0.0,1
2.6666666666666665,3.0,4.0,5,112.7,0.0,99.84,0.0,0
4.333333333333333,4.2,5.0,6,112.7,0.0,99.84,0.0,1
2.6666666666666665,3.2,3.3333333333333335,7,112.7,0.0,99.84,0.0,0
5.666666666666667,4.4,3.6666666666666665,8,112.7,0.0,99.84,0.0,1
6.333333333333333,5.4,3.6666666666666665,9,112.7,0.0,99.84,0.0,1
8.0,6.4,5.0,10,112.7,0.0,99.84,0.0,0
7.666666666666667,6.4,5.666666666666667,11,112.7,0.0,99.84,0.0,1
7.666666666666667,8.4,6.0,12,112.7,0.0,99.84,0.0,1
9.666666666666666,8.8,7.0,13,112.7,0.0,99.84,0.0,1
9.333333333333334,8.2,7.0,14,112.7,0.0,99.84,0.0,0
8.0,8.4,7.333333333333333,15,112.7,0.0,99.84,0.0,0
7.333333333333333,8.6,7.0,16,112.7,0.0,99.84,0.0,0
6.0,7.2,7.333333333333333,17,112.7,0.0,99.84,0.0,0
10.666666666666666,9.0,10.0,18,112.7,0.0,99.84,0.0,1
9.666666666666666,8.8,9.333333333333334,19,112.7,0.0,99.84,0.0,0
11.0,9.0,9.666666666666666,20,112.7,0.0,99.84,0.0,0
9.0,10.0,7.333333333333333,21,112.7,0.0,99.84,0.0,1
9.333333333333334,10.8,8.0,22,112.7,0.0,99.84,0.0,0
11.333333333333334,9.4,7.333333333333333,23,112.7,0.0,99.84,0.0,1
7.666666666666667,8.8,6.333333333333333,24,112.7,0.0,99.84,0.0,0
8.0,9.0,5.666666666666667,25,112.7,0.0,99.84,0.0,0
5.0,7.0,4.666666666666667,26,112.7,0.0,99.84,0.0,0
5.666666666666667,6.6,4.666666666666667,27,112.7,0.0,99.84,0.0,0
3.6666666666666665,4.4,4.333333333333333,28,112.7,0.0,99.84,0.0,0
5.0,5.4,4.333333333333333,29,112.7,0.0,99.84,0.0,1
4.333333333333333,4.4,3.3333333333333335,30,112.7,0.0,99.84,0.0,0
5.666666666666667,4.8,3.3333333333333335,31,112.7,0.0,99.84,0.0,1
4.0,4.4,3.3333333333333335,32,112.7,0.0,99.84,0.0,0
4.333333333333333,4.8,3.3333333333333335,33,112.7,0.0,99.84,0.0,0
6.0,5.4,4.0,34,112.7,0.0,99.84,0.0,1
6.0,5.4,4.666666666666667,35,112.7,0.0,99.84,0.0,0
4.666666666666667,4.2,5.333333333333333,36,112.7,0.0,99.84,0.0,0
6.0,6.6,6.0,37,112.7,0.0,99.84,0.0,1
5.666666666666667,6.2,5.333333333333333,38,112.7,0.0,99.84,0.0,0
7.666666666666667,5.2,5.666666666666667,39,112.7,0.0,99.84,0.0,1
5.0,6.0,5.0,40,112.7,0.0,99.84,0.0,0
6.666666666666667,7.4,5.666666666666667,41,112.7,0.0,99.84,0.0,0
5.666666666666667,5.0,4.666666666666667,42,112.7,0.0,99.84,0.0,0
9.333333333333334,8.2,5.666666666666667,43,112.7,0.0,99.84,0.0,1
9.0,8.2,5.333333333333333,44,112.7,0.0,99.84,0.0,0
10.0,8.0,5.666666666666667,45,112.7,0.0,99.84,0.0,0
7.666666666666667,8.8,5.0,46,112.7,0.0,99.84,0.0,1
9.666666666666666,10.6,7.666666666666667,47,112.7,0.0,99.84,0.0,1
10.666666666666666,8.8,8.666666666666666,48,112.7,0.0,99.84,0.0,1
9.333333333333334,9.0,8.666666666666666,49,112.7,0.0,99.84,0.0,0
7.0,8.8,7.0,50,112.7,0.0,99.84,0.0,0
5.0,7.2,6.0,51,112.7,0.0,99.84,0.0,0
5.0,6.2,6.0,52,112.7,0.0,99.84,0.0,1
8.333333333333334,7.4,6.666666666666667,53,112.7,0.0,99.84,0.0,1
13.333333333333334,9.6,7.666666666666667,54,112.7,0.0,99.84,0.0,1
11.666666666666666,9.0,7.333333333333333,55,112.7,0.0,99.84,0.0,0
11.0,11.0,7.333333333333333,56,112.7,0.0,99.84,0.0,1
5.0,9.6,7.0,57,112.7,0.0,99.84,0.0,0
7.0,8.2,8.666666666666666,58,112.7,0.0,99.84,0.0,0
6.666666666666667,7.0,9.0,59,112.7,0.0,99.84,0.0,1
9.0,8.0,8.666666666666666,60,112.7,0.0,99.84,0.0,1
9.0,7.0,7.0,61,112.7,0.0,99.84,0.0,1
9.333333333333334,9.6,5.666666666666667,62,112.7,0.0,99.84,0.0,1
10.333333333333334,10.0,7.333333333333333,63,112.7,0.0,99.84,0.0,0
9.0,8.4,8.0,64,112.7,0.0,99.84,0.0,0
9.666666666666666,10.0,9.666666666666666,65,112.7,0.0,99.84,0.0,1
15.666666666666666,14.0,9.666666666666666,66,112.7,0.0,99.84,0.0,1
17.0,13.0,9.333333333333334,67,112.7,0.0,99.84,0.0,0
16.333333333333332,13.6,9.333333333333334,68,112.7,0.0,99.84,0.0,1
8.333333333333334,13.6,8.333333333333334,69,112.7,0.0,99.84,0.0,0
5.666666666666667,10.6,6.666666666666667,70,112.7,0.0,99.84,0.0,0
5.0,7.2,5.333333333333333,71,112.7,0.0,99.84,0.0,1
7.333333333333333,7.8,6.0,72,112.7,0.0,99.84,0.0,1
9.333333333333334,6.4,7.333333333333333,73,112.7,0.0,99.84,0.0,0
7.333333333333333,6.6,7.333333333333333,74,112.7,0.0,99.84,0.0,0
6.0,8.0,5.333333333333333,75,112.7,0.0,99.84,0.0,0
8.666666666666666,8.6,5.666666666666667,76,112.7,0.0,99.84,0.0,1
11.333333333333334,9.0,6.333333333333333,77,112.7,0.0,99.84,0.0,1
14.0,10.8,8.333333333333334,78,112.7,0.0,99.84,0.0,1
17.0,14.4,12.333333333333334,79,112.7,0.0,99.84,0.0,1
14.333333333333334,14.0,10.666666666666666,80,112.7,0.0,99.84,0.0,0
13.333333333333334,13.6,11.333333333333334,81,112.7,0.0,99.84,0.0,0
6.666666666666667,11.6,6.333333333333333,82,112.7,0.0,99.84,0.0,0
2.0,2.0,1.0,1,111.9,0.0,100.35,1.0,1
1.0,1.0,0.5,2,111.9,0.0,100.35,1.0,1
2.6666666666666665,2.6666666666666665,1.6666666666666667,3,111.9,0.0,100.35,1.0,1
2.6666666666666665,2.5,2.0,4,111.9,0.0,100.35,1.0,0
3.6666666666666665,2.6,2.3333333333333335,5,111.9,0.0,100.35,1.0,0
2.3333333333333335,2.6,1.3333333333333333,6,111.9,0.0,100.35,1.0,0
5.0,4.6,2.3333333333333335,7,111.9,0.0,100.35,1.0,1
6.0,4.6,3.0,8,111.9,0.0,100.35,1.0,1
6.0,4.6,3.6666666666666665,9,111.9,0.0,100.35,1.0,0
3.6666666666666665,4.6,2.6666666666666665,10,111.9,0.0,100.35,1.0,0
3.6666666666666665,5.4,3.3333333333333335,11,111.9,0.0,100.35,1.0,1
3.6666666666666665,3.8,2.6666666666666665,12,111.9,0.0,100.35,1.0,0
2.6666666666666665,2.6,2.0,13,111.9,0.0,100.35,1.0,0
1.3333333333333333,2.6,1.3333333333333333,14,111.9,0.0,100.35,1.0,0
0.6666666666666666,2.0,1.0,15,111.9,0.0,100.35,1.0,0
0.6666666666666666,0.8,1.0,16,111.9,0.0,100.35,1.0,0
3.0,2.2,1.6666666666666667,17,111.9,0.0,100.35,1.0,1
3.0,2.2,1.6666666666666667,18,111.9,0.0,100.35,1.0,0
5.666666666666667,3.4,3.0,19,111.9,0.0,100.35,1.0,1
15.0,15.0,15.0,1,109.0,0.0,96.37,1.0,1
17.5,17.5,16.0,2,109.0,0.0,96.37,1.0,1
14.333333333333334,14.333333333333334,14.666666666666666,3,109.0,0.0,96.37,1.0,0
15.666666666666666,15.5,14.666666666666666,4,109.0,0.0,96.37,1.0,1
12.666666666666666,14.6,14.0,5,109.0,0.0,96.37,1.0,0
20.0,17.6,17.666666666666668,6,109.0,0.0,96.37,1.0,1
25.0,20.4,20.0,7,109.0,0.0,96.37,1.0,1
29.666666666666668,23.8,21.333333333333332,8,109.0,0.0,96.37,1.0,1
30.333333333333332,26.4,20.333333333333332,9,109.0,0.0,96.37,1.0,1
28.333333333333332,29.8,21.666666666666668,10,109.0,0.0,96.37,1.0,0
32.333333333333336,31.2,24.666666666666668,11,109.0,0.0,96.37,1.0,1
33.0,31.2,25.333333333333332,12,109.0,0.0,96.37,1.0,1
35.666666666666664,33.4,25.666666666666668,13,109.0,0.0,96.37,1.0,1
34.666666666666664,33.8,26.666666666666668,14,109.0,0.0,96.37,1.0,1
25.666666666666668,29.6,21.333333333333332,15,109.0,0.0,96.37,1.0,0
23.0,27.8,17.0,16,109.0,0.0,96.37,1.0,1
18.666666666666668,25.2,14.666666666666666,17,109.0,0.0,96.37,1.0,0
26.0,23.8,19.0,18,109.0,0.0,96.37,1.0,1
26.0,22.6,18.666666666666668,19,109.0,0.0,96.37,1.0,1
25.0,24.8,16.666666666666668,20,109.0,0.0,96.37,1.0,0
21.0,22.6,17.333333333333332,21,109.0,0.0,96.37,1.0,0
16.666666666666668,21.4,18.333333333333332,22,109.0,0.0,96.37,1.0,0
9.0,9.0,8.0,1,115.4,0.0,103.58,0.0,1
9.5,9.5,8.0,2,115.4,0.0,103.58,0.0,0
10.0,10.0,8.666666666666666,3,115.4,0.0,103.58,0.0,1
14.333333333333334,13.0,11.333333333333334,4,115.4,0.0,103.58,0.0,1
15.666666666666666,13.2,11.333333333333334,5,115.4,0.0,103.58,0.0,0
17.333333333333332,14.6,10.666666666666666,6,115.4,0.0,103.58,0.0,1
13.0,14.4,8.666666666666666,7,115.4,0.0,103.58,0.0,0
12.0,14.4,9.0,8,115.4,0.0,103.58,0.0,0
11.333333333333334,12.8,12.333333333333334,9,115.4,0.0,103.58,0.0,1
11.333333333333334,11.8,11.333333333333334,10,115.4,0.0,103.58,0.0,0
12.666666666666666,11.6,10.333333333333334,11,115.4,0.0,103.58,0.0,1
14.0,13.4,8.0,12,115.4,0.0,103.58,0.0,1
13.333333333333334,12.6,7.333333333333333,13,115.4,0.0,103.58,0.0,0
12.666666666666666,12.4,8.333333333333334,14,115.4,0.0,103.58,0.0,1
7.333333333333333,11.0,6.666666666666667,15,115.4,0.0,103.58,0.0,0
8.0,9.8,7.666666666666667,16,115.4,0.0,103.58,0.0,0
9.0,9.4,7.666666666666667,17,115.4,0.0,103.58,0.0,1
15.666666666666666,12.4,9.666666666666666,18,115.4,0.0,103.58,0.0,1
14.666666666666666,11.0,9.333333333333334,19,115.4,0.0,103.58,0.0,0
12.0,12.2,9.666666666666666,20,115.4,0.0,103.58,0.0,0
9.666666666666666,13.4,8.666666666666666,21,115.4,0.0,103.58,0.0,1
10.666666666666666,12.0,9.0,22,115.4,0.0,103.58,0.0,0
12.333333333333334,10.2,8.333333333333334,23,115.4,0.0,103.58,0.0,1
9.333333333333334,10.2,8.333333333333334,24,115.4,0.0,103.58,0.0,0
8.666666666666666,10.0,7.666666666666667,25,115.4,0.0,103.58,0.0,0
7.333333333333333,8.8,7.666666666666667,26,115.4,0.0,103.58,0.0,0
9.666666666666666,9.6,7.0,27,115.4,0.0,103.58,0.0,1
9.666666666666666,8.4,6.666666666666667,28,115.4,0.0,103.58,0.0,0
7.333333333333333,7.6,6.333333333333333,29,115.4,0.0,103.58,0.0,0
7.0,8.6,6.666666666666667,30,115.4,0.0,103.58,0.0,1
11.666666666666666,11.0,11.0,31,115.4,0.0,103.58,0.0,1
16.666666666666668,11.8,11.666666666666666,32,115.4,0.0,103.58,0.0,1
15.0,11.8,12.666666666666666,33,115.4,0.0,103.58,0.0,0
12.333333333333334,14.0,9.333333333333334,34,115.4,0.0,103.58,0.0,0
14.333333333333334,16.2,10.666666666666666,35,115.4,0.0,103.58,0.0,1
17.666666666666668,15.4,9.666666666666666,36,115.4,0.0,103.58,0.0,1
18.333333333333332,15.0,10.333333333333334,37,115.4,0.0,103.58,0.0,0
17.0,17.4,10.0,38,115.4,0.0,103.58,0.0,1
15.333333333333334,17.2,10.0,39,115.4,0.0,103.58,0.0,0
15.333333333333334,15.6,11.0,40,115.4,0.0,103.58,0.0,0
14.333333333333334,15.4,10.666666666666666,41,115.4,0.0,103.58,0.0,1
11.666666666666666,13.2,9.666666666666666,42,115.4,0.0,103.58,0.0,0
14.666666666666666,14.2,9.333333333333334,43,115.4,0.0,103.58,0.0,1
13.666666666666666,14.4,8.666666666666666,44,115.4,0.0,103.58,0.0,1
15.666666666666666,13.4,9.666666666666666,45,115.4,0.0,103.58,0.0,0
10.666666666666666,12.0,7.666666666666667,46,115.4,0.0,103.58,0.0,0
10.666666666666666,13.8,8.333333333333334,47,115.4,0.0,103.58,0.0,0
12.333333333333334,12.0,8.333333333333334,48,115.4,0.0,103.58,0.0,1
17.333333333333332,14.2,10.666666666666666,49,115.4,0.0,103.58,0.0,1
16.0,14.0,10.333333333333334,50,115.4,0.0,103.58,0.0,0
19.0,17.0,11.0,51,115.4,0.0,103.58,0.0,1
18.0,18.6,11.333333333333334,52,115.4,0.0,103.58,0.0,1
23.333333333333332,20.6,13.666666666666666,53,115.4,0.0,103.58,0.0,1
29.666666666666668,24.4,18.333333333333332,54,115.4,0.0,103.58,0.0,1
24.333333333333332,23.6,17.666666666666668,55,115.4,0.0,103.58,0.0,0
21.0,21.8,15.333333333333334,56,115.4,0.0,103.58,0.0,0
11.333333333333334,20.4,11.0,57,115.4,0.0,103.58,0.0,0
15.0,18.6,13.0,58,115.4,0.0,103.58,0.0,0
14.666666666666666,12.8,14.0,59,115.4,0.0,103.58,0.0,1
16.0,15.4,15.0,60,115.4,0.0,103.58,0.0,1
16.0,15.6,13.666666666666666,61,115.4,0.0,103.58,0.0,0
16.666666666666668,16.0,12.666666666666666,62,115.4,0.0,103.58,0.0,0
18.666666666666668,17.6,12.333333333333334,63,115.4,0.0,103.58,0.0,1
19.0,18.2,12.333333333333334,64,115.4,0.0,103.58,0.0,0
21.0,19.0,15.333333333333334,65,115.4,0.0,103.58,0.0,1
18.666666666666668,19.2,14.333333333333334,66,115.4,0.0,103.58,0.0,0
19.0,19.6,14.333333333333334,67,115.4,0.0,103.58,0.0,0
16.666666666666668,17.8,12.0,68,115.4,0.0,103.58,0.0,0
18.666666666666668,19.0,14.333333333333334,69,115.4,0.0,103.58,0.0,1
15.0,16.0,11.333333333333334,70,115.4,0.0,103.58,0.0,0
17.333333333333332,17.0,11.333333333333334,71,115.4,0.0,103.58,0.0,1
20.333333333333332,19.8,12.0,72,115.4,0.0,103.58,0.0,1
23.0,19.8,14.333333333333334,73,115.4,0.0,103.58,0.0,0
23.666666666666668,20.0,15.333333333333334,74,115.4,0.0,103.58,0.0,1
16.0,20.4,12.666666666666666,75,115.4,0.0,103.58,0.0,0
8.0,8.0,9.0,1,112.1,0.0,100.37,0.0,1
8.0,8.0,7.0,2,112.1,0.0,100.37,0.0,0
7.333333333333333,7.333333333333333,8.0,3,112.1,0.0,100.37,0.0,0
5.333333333333333,6.0,6.666666666666667,4,112.1,0.0,100.37,0.0,0
6.0,6.8,7.666666666666667,5,112.1,0.0,100.37,0.0,1
7.666666666666667,7.4,6.666666666666667,6,112.1,0.0,100.37,0.0,1
8.666666666666666,6.8,6.333333333333333,7,112.1,0.0,100.37,0.0,0
9.333333333333334,8.0,7.0,8,112.1,0.0,100.37,0.0,1
7.333333333333333,8.6,6.0,9,112.1,0.0,100.37,0.0,0
8.333333333333334,8.2,6.0,10,112.1,0.0,100.37,0.0,0
5.666666666666667,6.8,4.0,11,112.1,0.0,100.37,0.0,0
4.333333333333333,6.0,4.0,12,112.1,0.0,100.37,0.0,0
6.333333333333333,6.4,6.0,13,112.1,0.0,100.37,0.0,1
7.666666666666667,7.0,8.333333333333334,14,112.1,0.0,100.37,0.0,1
10.333333333333334,7.2,9.333333333333334,15,112.1,0.0,100.37,0.0,1
11.333333333333334,9.8,9.333333333333334,16,112.1,0.0,100.37,0.0,1
11.666666666666666,11.4,8.333333333333334,17,112.1,0.0,100.37,0.0,0
11.0,10.0,7.666666666666667,18,112.1,0.0,100.37,0.0,0
8.333333333333334,10.2,6.666666666666667,19,112.1,0.0,100.37,0.0,0
9.333333333333334,10.8,7.0,20,112.1,0.0,100.37,0.0,1
11.333333333333334,10.0,8.666666666666666,21,112.1,0.0,100.37,0.0,1
9.666666666666666,9.0,9.333333333333334,22,112.1,0.0,100.37,0.0,0
8.333333333333334,9.2,8.666666666666666,23,112.1,0.0,100.37,0.0,0
5.0,8.0,6.0,24,112.1,0.0,100.37,0.0,0
3.6666666666666665,5.6,3.3333333333333335,25,112.1,0.0,100.37,0.0,0
1.0,3.0,1.6666666666666667,26,112.1,0.0,100.37,0.0,0
1.3333333333333333,3.0,1.6666666666666667,27,112.1,0.0,100.37,0.0,1
3.0,2.4,2.3333333333333335,28,112.1,0.0,100.37,0.0,1
3.6666666666666665,2.2,2.0,29,112.1,0.0,100.37,0.0,1
3.0,2.6,4.333333333333333,30,112.1,0.0,100.37,0.0,0
3.6666666666666665,4.0,4.333333333333333,31,112.1,0.0,100.37,0.0,1
3.0,3.2,4.0,32,112.1,0.0,100.37,0.0,0
4.333333333333333,3.4,2.3333333333333335,33,112.1,0.0,100.37,0.0,1
2.0,3.0,2.0,34,112.1,0.0,100.37,0.0,0
2.6666666666666665,3.0,2.3333333333333335,35,112.1,0.0,100.37,0.0,0
6.666666666666667,5.2,4.333333333333333,36,112.1,0.0,100.37,0.0,1
8.666666666666666,6.4,5.666666666666667,37,112.1,0.0,100.37,0.0,1
8.666666666666666,5.6,6.666666666666667,38,112.1,0.0,100.37,0.0,0
4.0,6.4,5.666666666666667,39,112.1,0.0,100.37,0.0,0
5.0,7.8,5.666666666666667,40,112.1,0.0,100.37,0.0,1
10.333333333333334,7.8,8.666666666666666,41,112.1,0.0,100.37,0.0,1
13.0,9.0,11.666666666666666,42,112.1,0.0,100.37,0.0,1
13.333333333333334,10.6,13.333333333333334,43,112.1,0.0,100.37,0.0,0
13.0,13.2,13.333333333333334,44,112.1,0.0,100.37,0.0,1
13.333333333333334,14.0,11.0,45,112.1,0.0,100.37,0.0,1
15.0,13.4,9.333333333333334,46,112.1,0.0,100.37,0.0,1
12.0,12.6,7.666666666666667,47,112.1,0.0,100.37,0.0,0
15.333333333333334,15.2,10.0,48,112.1,0.0,100.37,0.0,1
16.333333333333332,15.4,11.0,49,112.1,0.0,100.37,0.0,1
16.333333333333332,14.4,11.0,50,112.1,0.0,100.37,0.0,0
10.0,12.2,8.0,51,112.1,0.0,100.37,0.0,0
9.0,13.6,8.333333333333334,52,112.1,0.0,100.37,0.0,1
7.333333333333333,9.6,6.666666666666667,53,112.1,0.0,100.37,0.0,0
10.666666666666666,8.8,7.0,54,112.1,0.0,100.37,0.0,1
10.666666666666666,10.2,6.333333333333333,55,112.1,0.0,100.37,0.0,1
14.666666666666666,12.4,10.666666666666666,56,112.1,0.0,100.37,0.0,1
12.666666666666666,11.0,10.666666666666666,57,112.1,0.0,100.37,0.0,0
12.0,13.0,10.666666666666666,58,112.1,0.0,100.37,0.0,1
8.333333333333334,11.0,6.333333333333333,59,112.1,0.0,100.37,0.0,0
6.333333333333333,8.4,4.333333333333333,60,112.1,0.0,100.37,0.0,0
4.0,6.6,3.0,61,112.1,0.0,100.37,0.0,1
5.666666666666667,6.8,3.6666666666666665,62,112.1,0.0,100.37,0.0,1
5.0,4.2,3.6666666666666665,63,112.1,0.0,100.37,0.0,0
6.0,5.2,4.0,64,112.1,0.0,100.37,0.0,1
9.333333333333334,8.6,6.666666666666667,65,112.1,0.0,100.37,0.0,1
11.333333333333334,8.6,7.0,66,112.1,0.0,100.37,0.0,0
11.0,8.4,7.0,67,112.1,0.0,100.37,0.0,1
5.333333333333333,8.8,4.0,68,112.1,0.0,100.37,0.0,0
3.3333333333333335,7.0,3.6666666666666665,69,112.1,0.0,100.37,0.0,0
0.6666666666666666,3.2,2.6666666666666665,70,112.1,0.0,100.37,0.0,0
0.0,2.0,1.6666666666666667,71,112.1,0.0,100.37,0.0,0
0.6666666666666666,0.8,3.0,72,112.1,0.0,100.37,0.0,1
2.3333333333333335,1.4,3.0,73,112.1,0.0,100.37,0.0,1
3.6666666666666665,2.2,3.6666666666666665,74,112.1,0.0,100.37,0.0,1
20.0,20.0,12.0,1,110.4,0.0,96.63,1.0,1
19.0,19.0,13.5,2,110.4,0.0,96.63,1.0,0
16.666666666666668,16.666666666666668,13.0,3,110.4,0.0,96.63,1.0,0
13.333333333333334,15.0,11.0,4,110.4,0.0,96.63,1.0,0
13.333333333333334,15.6,9.333333333333334,5,110.4,0.0,96.63,1.0,1
14.0,14.4,8.333333333333334,6,110.4,0.0,96.63,1.0,0
17.0,14.6,10.666666666666666,7,110.4,0.0,96.63,1.0,1
13.333333333333334,13.6,9.666666666666666,8,110.4,0.0,96.63,1.0,0
10.0,12.4,7.666666666666667,9,110.4,0.0,96.63,1.0,0
7.0,10.8,6.666666666666667,10,110.4,0.0,96.63,1.0,1
10.0,11.2,8.0,11,110.4,0.0,96.63,1.0,1
12.333333333333334,9.6,11.0,12,110.4,0.0,96.63,1.0,1
14.0,11.2,11.666666666666666,13,110.4,0.0,96.63,1.0,1
13.666666666666666,13.4,11.333333333333334,14,110.4,0.0,96.63,1.0,1
16.666666666666668,15.4,11.0,15,110.4,0.0,96.63,1.0,1
17.0,15.4,12.666666666666666,16,110.4,0.0,96.63,1.0,1
22.0,19.2,14.666666666666666,17,110.4,0.0,96.63,1.0,1
23.666666666666668,21.2,16.333333333333332,18,110.4,0.0,96.63,1.0,1
19.666666666666668,19.0,11.666666666666666,19,110.4,0.0,96.63,1.0,0
16.333333333333332,19.0,12.0,20,110.4,0.0,96.63,1.0,1
14.333333333333334,19.6,11.333333333333334,21,110.4,0.0,96.63,1.0,0
18.333333333333332,16.8,14.333333333333334,22,110.4,0.0,96.63,1.0,1
14.333333333333334,13.4,10.666666666666666,23,110.4,0.0,96.63,1.0,0
13.666666666666666,16.0,8.666666666666666,24,110.4,0.0,96.63,1.0,1
10.333333333333334,13.2,7.333333333333333,25,110.4,0.0,96.63,1.0,0
14.333333333333334,13.4,9.666666666666666,26,110.4,0.0,96.63,1.0,1
14.666666666666666,13.8,12.666666666666666,27,110.4,0.0,96.63,1.0,1
16.666666666666668,14.6,13.666666666666666,28,110.4,0.0,96.63,1.0,0
13.666666666666666,13.4,13.0,29,110.4,0.0,96.63,1.0,0
9.333333333333334,13.2,9.666666666666666,30,110.4,0.0,96.63,1.0,0
8.333333333333334,11.0,8.666666666666666,31,110.4,0.0,96.63,1.0,0
9.0,10.0,7.333333333333333,32,110.4,0.0,96.63,1.0,1
10.0,9.2,7.666666666666667,33,110.4,0.0,96.63,1.0,0
14.666666666666666,11.6,10.0,34,110.4,0.0,96.63,1.0,1
13.666666666666666,12.6,12.0,35,110.4,0.0,96.63,1.0,0
11.666666666666666,11.2,10.666666666666666,36,110.4,0.0,96.63,1.0,0
5.666666666666667,9.6,8.333333333333334,37,110.4,0.0,96.63,1.0,0
7.0,10.8,7.666666666666667,38,110.4,0.0,96.63,1.0,1
11.333333333333334,9.2,10.333333333333334,39,110.4,0.0,96.63,1.0,1
13.0,9.2,11.0,40,110.4,0.0,96.63,1.0,1
9.333333333333334,9.4,9.0,41,110.4,0.0,96.63,1.0,0
6.0,9.4,7.0,42,110.4,0.0,96.63,1.0,0
4.333333333333333,7.6,5.0,43,110.4,0.0,96.63,1.0,0
5.0,5.6,6.0,44,110.4,0.0,96.63,1.0,0
5.0,4.6,5.666666666666667,45,110.4,0.0,96.63,1.0,1
7.0,6.2,5.666666666666667,46,110.4,0.0,96.63,1.0,1
9.0,7.4,5.333333333333333,47,110.4,0.0,96.63,1.0,1
8.666666666666666,7.2,4.666666666666667,48,110.4,0.0,96.63,1.0,0
5.333333333333333,6.4,4.333333333333333,49,110.4,0.0,96.63,1.0,0
3.0,6.2,3.0,50,110.4,0.0,96.63,1.0,0
5.666666666666667,6.4,4.333333333333333,51,110.4,0.0,96.63,1.0,1
10.0,7.0,7.0,52,110.4,0.0,96.63,1.0,1
10.333333333333334,7.2,8.666666666666666,53,110.4,0.0,96.63,1.0,0
10.0,9.2,9.0,54,110.4,0.0,96.63,1.0,1
9.666666666666666,11.0,8.0,55,110.4,0.0,96.63,1.0,1
12.333333333333334,11.2,9.0,56,110.4,0.0,96.63,1.0,1
13.666666666666666,11.4,11.666666666666666,57,110.4,0.0,96.63,1.0,1
13.333333333333334,12.8,13.0,58,110.4,0.0,96.63,1.0,0
12.0,12.4,12.333333333333334,59,110.4,0.0,96.63,1.0,0
7.666666666666667,10.2,8.333333333333334,60,110.4,0.0,96.63,1.0,0
8.333333333333334,10.4,8.0,61,110.4,0.0,96.63,1.0,1
9.0,9.6,9.0,62,110.4,0.0,96.63,1.0,1
9.666666666666666,8.0,9.0,63,110.4,0.0,96.63,1.0,0
10.333333333333334,9.4,10.0,64,110.4,0.0,96.63,1.0,1
8.666666666666666,10.2,7.666666666666667,65,110.4,0.0,96.63,1.0,0
11.333333333333334,9.8,8.666666666666666,66,110.4,0.0,96.63,1.0,1
8.0,8.8,6.666666666666667,67,110.4,0.0,96.63,1.0,0
13.0,12.2,9.0,68,110.4,0.0,96.63,1.0,1
12.333333333333334,11.0,9.333333333333334,69,110.4,0.0,96.63,1.0,0
15.666666666666666,13.0,11.666666666666666,70,110.4,0.0,96.63,1.0,1
17.333333333333332,15.8,13.333333333333334,71,110.4,0.0,96.63,1.0,1
16.666666666666668,16.2,14.0,72,110.4,0.0,96.63,1.0,0
16.333333333333332,15.0,12.666666666666666,73,110.4,0.0,96.63,1.0,1
10.666666666666666,14.8,9.0,74,110.4,0.0,96.63,1.0,0
9.666666666666666,12.6,7.666666666666667,75,110.4,0.0,96.63,1.0,0
5.333333333333333,7.8,6.666666666666667,76,110.4,0.0,96.63,1.0,0
4.333333333333333,7.4,7.333333333333333,77,110.4,0.0,96.63,1.0,0
3.3333333333333335,4.8,6.666666666666667,78,110.4,0.0,96.63,1.0,0
10.333333333333334,7.6,8.666666666666666,79,110.4,0.0,96.63,1.0,1
10.666666666666666,8.0,8.333333333333334,80,110.4,0.0,96.63,1.0,0
14.333333333333334,10.2,10.0,81,110.4,0.0,96.63,1.0,1
